{
	"credit": "Made with Blockbench",
	"texture_size": [64, 64],
	"textures": {
		"0": "ship/iron_block",
		"3": "ship/red_terracotta",
		"5": "ship/spruce_planks",
		"particle": "ship/iron_block"
	},
	"elements": [
		{
			"from": [-11, 13, -16],
			"to": [27, 18, 32],
			"rotation": {"angle": 0, "axis": "y", "origin": [0, 6, 0]},
			"faces": {
				"north": {"uv": [0, 0, 9.5, 1.25], "texture": "#5"},
				"east": {"uv": [0, 0, 12, 1.25], "texture": "#5"},
				"south": {"uv": [0, 0, 9.5, 1.25], "texture": "#5"},
				"west": {"uv": [0, 0, 12, 1.25], "texture": "#5"},
				"up": {"uv": [0, 0, 9.5, 12], "texture": "#5"},
				"down": {"uv": [0, 0, 9.5, 12], "texture": "#5"}
			}
		},
		{
			"from": [26.98405, -8.08018, -16],
			"to": [31.98405, 5.91982, 32],
			"rotation": {"angle": -22.5, "axis": "z", "origin": [32.19357, 5.91982, 32]},
			"faces": {
				"north": {"uv": [0, 0, 1.75, 0.625], "rotation": 270, "texture": "#3"},
				"east": {"uv": [0, 0, 1.75, 6], "rotation": 90, "texture": "#3"},
				"south": {"uv": [0, 0, 1.75, 0.625], "rotation": 90, "texture": "#3"},
				"west": {"uv": [0, 0, 1.75, 6], "rotation": 90, "texture": "#3"},
				"up": {"uv": [0, 0, 6, 0.625], "rotation": 90, "texture": "#3"},
				"down": {"uv": [0, 0, 6, 0.625], "rotation": 90, "texture": "#3"}
			}
		},
		{
			"from": [21.64243, -14.93431, -16],
			"to": [26.64243, -6.93431, 32],
			"rotation": {"angle": -45, "axis": "z", "origin": [26.64243, -6.93431, -16]},
			"faces": {
				"north": {"uv": [0, 0, 1, 0.625], "rotation": 270, "texture": "#3"},
				"east": {"uv": [0, 0, 1, 6], "rotation": 90, "texture": "#3"},
				"south": {"uv": [0, 0, 1, 0.625], "rotation": 90, "texture": "#3"},
				"west": {"uv": [0, 0, 1, 6], "rotation": 90, "texture": "#3"},
				"up": {"uv": [0, 0, 6, 0.625], "rotation": 90, "texture": "#3"},
				"down": {"uv": [0, 0, 6, 0.625], "rotation": 90, "texture": "#3"}
			}
		},
		{
			"from": [12.98558, -12.59117, -16],
			"to": [20.98558, -7.59117, 32],
			"rotation": {"angle": 22.5, "axis": "z", "origin": [20.98558, -12.59117, -16]},
			"faces": {
				"north": {"uv": [0, 0, 1, 0.625], "rotation": 180, "texture": "#3"},
				"east": {"uv": [0, 0, 6, 0.625], "rotation": 180, "texture": "#3"},
				"south": {"uv": [0, 0, 1, 0.625], "rotation": 180, "texture": "#3"},
				"west": {"uv": [0, 0, 6, 0.625], "rotation": 180, "texture": "#3"},
				"up": {"uv": [0, 0, 1, 6], "rotation": 180, "texture": "#3"},
				"down": {"uv": [0, 0, 1, 6], "rotation": 180, "texture": "#3"}
			}
		},
		{
			"from": [-4.98558, -12.59117, -16],
			"to": [3.01442, -7.59117, 32],
			"rotation": {"angle": -22.5, "axis": "z", "origin": [-4.98558, -12.59117, -16]},
			"faces": {
				"north": {"uv": [1, 0, 0, 0.625], "rotation": 180, "texture": "#3"},
				"east": {"uv": [6, 0, 0, 0.625], "rotation": 180, "texture": "#3"},
				"south": {"uv": [1, 0, 0, 0.625], "rotation": 180, "texture": "#3"},
				"west": {"uv": [6, 0, 0, 0.625], "rotation": 180, "texture": "#3"},
				"up": {"uv": [1, 0, 0, 6], "rotation": 180, "texture": "#3"},
				"down": {"uv": [1, 0, 0, 6], "rotation": 180, "texture": "#3"}
			}
		},
		{
			"from": [-10.64243, -14.93431, -16],
			"to": [-5.64243, -6.93431, 32],
			"rotation": {"angle": 45, "axis": "z", "origin": [-10.64243, -6.93431, -16]},
			"faces": {
				"north": {"uv": [0, 0.625, 1, 0], "rotation": 270, "texture": "#3"},
				"east": {"uv": [0, 6, 1, 0], "rotation": 90, "texture": "#3"},
				"south": {"uv": [0, 0.625, 1, 0], "rotation": 90, "texture": "#3"},
				"west": {"uv": [0, 6, 1, 0], "rotation": 90, "texture": "#3"},
				"up": {"uv": [0, 0.625, 6, 0], "rotation": 90, "texture": "#3"},
				"down": {"uv": [0, 0.625, 6, 0], "rotation": 90, "texture": "#3"}
			}
		},
		{
			"from": [-15.98405, -8.08018, -16],
			"to": [-10.98405, 5.91982, 32],
			"rotation": {"angle": 22.5, "axis": "z", "origin": [-16.19357, 5.91982, 32]},
			"faces": {
				"north": {"uv": [0, 0.625, 1.75, 0], "rotation": 270, "texture": "#3"},
				"east": {"uv": [0, 6, 1.75, 0], "rotation": 90, "texture": "#3"},
				"south": {"uv": [0, 0.625, 1.75, 0], "rotation": 90, "texture": "#3"},
				"west": {"uv": [0, 6, 1.75, 0], "rotation": 90, "texture": "#3"},
				"up": {"uv": [0, 0.625, 6, 0], "rotation": 90, "texture": "#3"},
				"down": {"uv": [0, 0.625, 6, 0], "rotation": 90, "texture": "#3"}
			}
		},
		{
			"from": [26.98405, 5.91982, -16],
			"to": [31.98405, 12.91982, 32],
			"rotation": {"angle": 0, "axis": "z", "origin": [32.19357, 5.91982, 32]},
			"faces": {
				"north": {"uv": [0, 0, 0.875, 0.625], "rotation": 270, "texture": "#3"},
				"east": {"uv": [0, 0, 0.875, 6], "rotation": 90, "texture": "#3"},
				"south": {"uv": [0, 0, 0.875, 0.625], "rotation": 90, "texture": "#3"},
				"west": {"uv": [0, 0, 0.875, 6], "rotation": 90, "texture": "#3"},
				"up": {"uv": [0, 0, 6, 0.625], "rotation": 90, "texture": "#3"},
				"down": {"uv": [0, 0, 6, 0.625], "rotation": 90, "texture": "#3"}
			}
		},
		{
			"from": [26.98405, 12.91982, -16],
			"to": [31.98405, 24.91982, 32],
			"rotation": {"angle": 0, "axis": "z", "origin": [32.19357, 5.91982, 32]},
			"faces": {
				"north": {"uv": [0, 0, 1.5, 0.625], "rotation": 270, "texture": "#0"},
				"east": {"uv": [0, 0, 1.5, 6], "rotation": 90, "texture": "#0"},
				"south": {"uv": [0, 0, 1.5, 0.625], "rotation": 90, "texture": "#0"},
				"west": {"uv": [0, 0, 1.5, 6], "rotation": 90, "texture": "#0"},
				"up": {"uv": [0, 0, 6, 0.625], "rotation": 90, "texture": "#0"},
				"down": {"uv": [0, 0, 6, 0.625], "rotation": 90, "texture": "#0"}
			}
		},
		{
			"from": [-15.98405, 12.91982, -16],
			"to": [-10.98405, 24.91982, 32],
			"rotation": {"angle": 0, "axis": "z", "origin": [-16.19357, 5.91982, 32]},
			"faces": {
				"north": {"uv": [0, 0.625, 1.5, 0], "rotation": 270, "texture": "#0"},
				"east": {"uv": [0, 6, 1.5, 0], "rotation": 90, "texture": "#0"},
				"south": {"uv": [0, 0.625, 1.5, 0], "rotation": 90, "texture": "#0"},
				"west": {"uv": [0, 6, 1.5, 0], "rotation": 90, "texture": "#0"},
				"up": {"uv": [0, 0.625, 6, 0], "rotation": 90, "texture": "#0"},
				"down": {"uv": [0, 0.625, 6, 0], "rotation": 90, "texture": "#0"}
			}
		},
		{
			"from": [-15.98405, 5.91982, -16],
			"to": [-10.98405, 12.91982, 32],
			"rotation": {"angle": 0, "axis": "z", "origin": [-16.19357, 5.91982, 32]},
			"faces": {
				"north": {"uv": [0, 0.625, 0.875, 0], "rotation": 270, "texture": "#3"},
				"east": {"uv": [0, 6, 0.875, 0], "rotation": 90, "texture": "#3"},
				"south": {"uv": [0, 0.625, 0.875, 0], "rotation": 90, "texture": "#3"},
				"west": {"uv": [0, 6, 0.875, 0], "rotation": 90, "texture": "#3"},
				"up": {"uv": [0, 0.625, 6, 0], "rotation": 90, "texture": "#3"},
				"down": {"uv": [0, 0.625, 6, 0], "rotation": 90, "texture": "#3"}
			}
		},
		{
			"from": [2.39454, -15.65264, -16],
			"to": [13.59454, -10.65264, 32],
			"rotation": {"angle": 0, "axis": "z", "origin": [12.39454, -15.65264, -16]},
			"faces": {
				"north": {"uv": [0, 0, 1.4, 0.625], "rotation": 180, "texture": "#3"},
				"east": {"uv": [0, 0, 6, 0.625], "rotation": 180, "texture": "#3"},
				"south": {"uv": [0, 0, 1.4, 0.625], "rotation": 180, "texture": "#3"},
				"west": {"uv": [0, 0, 6, 0.625], "rotation": 180, "texture": "#3"},
				"up": {"uv": [0, 0, 1.4, 6], "rotation": 180, "texture": "#3"},
				"down": {"uv": [0, 0, 1.4, 6], "rotation": 180, "texture": "#3"}
			}
		}
	],
"display": {
		"thirdperson_righthand": {
			"rotation": [90, 0, 0],
			"translation": [-6, 0, -5],
			"scale": [3, 3, 3]
		},
		"head": {
			"translation": [0, -34, 0],
			"scale": [4, 4, 4]
		}
	},
	"groups": [
		{
			"name": "group",
			"origin": [12.39454, -6.65264, -16],
			"color": 0,
			"children": [0, 1, 2, 3, 4, 5, 6, 7, 8, 9, 10, 11]
		}
	]
}