{
	"credit": "Made with Blockbench",
	"texture_size": [64, 64],
	"textures": {
		"0": "ship/iron_block",
		"1": "ship/cyan_terracotta",
		"particle": "ship/iron_block"
	},
	"elements": [
		{
			"from": [-4.40483, -16, -5.40329],
			"to": [20.09517, -7, 20.59671],
			"rotation": {"angle": 0, "axis": "y", "origin": [16.49923, -2.81272, 7.59594]},
			"faces": {
				"north": {"uv": [0, 0, 6.125, 2.25], "texture": "#0"},
				"east": {"uv": [0, 0, 6.5, 2.25], "texture": "#0"},
				"south": {"uv": [0, 0, 6.125, 2.25], "texture": "#0"},
				"west": {"uv": [0, 0, 6.5, 2.25], "texture": "#0"},
				"up": {"uv": [0, 0, 6.5, 6.125], "rotation": 90, "texture": "#0"},
				"down": {"uv": [0, 0, 6.5, 6.125], "rotation": 270, "texture": "#0"}
			}
		},
		{
			"from": [1.59517, -7, -5.40329],
			"to": [14.09517, -1, 20.59671],
			"rotation": {"angle": 0, "axis": "y", "origin": [15.99923, -2.81272, 7.59594]},
			"faces": {
				"north": {"uv": [0, 0, 3.125, 1.5], "texture": "#0"},
				"east": {"uv": [0, 0, 6.5, 1.5], "texture": "#0"},
				"south": {"uv": [0, 0, 3.125, 1.5], "texture": "#0"},
				"west": {"uv": [0, 0, 6.5, 1.5], "texture": "#0"},
				"up": {"uv": [0, 0, 6.5, 3.125], "rotation": 90, "texture": "#0"},
				"down": {"uv": [0, 0, 6.5, 3.125], "rotation": 270, "texture": "#0"}
			}
		},
		{
			"from": [14.1033, -9.64508, -5.39329],
			"to": [22.6033, -4.64508, 20.58671],
			"rotation": {"angle": -45, "axis": "z", "origin": [18.49923, -2.81272, 7.59594]},
			"faces": {
				"north": {"uv": [0, 0, 2.125, 1.25], "texture": "#0"},
				"east": {"uv": [0, 0, 6.495, 1.25], "texture": "#0"},
				"south": {"uv": [0, 0, 2.125, 1.25], "texture": "#0"},
				"west": {"uv": [0, 0, 6.495, 1.25], "texture": "#0"},
				"up": {"uv": [0, 0, 6.495, 2.125], "rotation": 90, "texture": "#0"},
				"down": {"uv": [0, 0, 6.495, 2.125], "rotation": 270, "texture": "#0"}
			}
		},
		{
			"from": [-1.98998, 2.24006, -5.40329],
			"to": [6.51002, 7.24006, 20.57671],
			"rotation": {"angle": 45, "axis": "z", "origin": [13.99923, -2.81272, 7.59594]},
			"faces": {
				"north": {"uv": [2.125, 0, 0, 1.25], "texture": "#0"},
				"east": {"uv": [6.495, 0, 0, 1.25], "texture": "#0"},
				"south": {"uv": [2.125, 0, 0, 1.25], "texture": "#0"},
				"west": {"uv": [6.495, 0, 0, 1.25], "texture": "#0"},
				"up": {"uv": [0, 2.125, 6.495, 0], "rotation": 90, "texture": "#0"},
				"down": {"uv": [0, 2.125, 6.495, 0], "rotation": 270, "texture": "#0"}
			}
		},
		{
			"from": [-1.30362, -16, -8.05247],
			"to": [17.07138, -9.25, 23.44753],
			"rotation": {"angle": 0, "axis": "y", "origin": [14.37442, -6.10954, 13.69696]},
			"faces": {
				"north": {"uv": [0, 0, 6.125, 2.25], "texture": "#1"},
				"east": {"uv": [0, 0, 6.5, 2.25], "texture": "#1"},
				"south": {"uv": [0, 0, 6.125, 2.25], "texture": "#1"},
				"west": {"uv": [0, 0, 6.5, 2.25], "texture": "#1"},
				"up": {"uv": [0, 0, 6.5, 6.125], "rotation": 90, "texture": "#1"},
				"down": {"uv": [0, 0, 6.5, 6.125], "rotation": 270, "texture": "#1"}
			}
		},
		{
			"from": [3.19638, -9.25, -8.05247],
			"to": [12.57138, -4.75, 23.44753],
			"rotation": {"angle": 0, "axis": "y", "origin": [13.99942, -6.10954, 13.69696]},
			"faces": {
				"north": {"uv": [0, 0, 3.125, 1.5], "texture": "#1"},
				"east": {"uv": [0, 0, 6.5, 1.5], "texture": "#1"},
				"south": {"uv": [0, 0, 3.125, 1.5], "texture": "#1"},
				"west": {"uv": [0, 0, 6.5, 1.5], "texture": "#1"},
				"up": {"uv": [0, 0, 6.5, 3.125], "rotation": 90, "texture": "#1"},
				"down": {"uv": [0, 0, 6.5, 3.125], "rotation": 270, "texture": "#1"}
			}
		},
		{
			"from": [0.50752, -2.31995, -8.05247],
			"to": [6.88252, 1.43004, 23.43253],
			"rotation": {"angle": 45, "axis": "z", "origin": [12.49942, -6.10954, 13.69696]},
			"faces": {
				"north": {"uv": [2.125, 0, 0, 1.25], "texture": "#1"},
				"east": {"uv": [6.495, 0, 0, 1.25], "texture": "#1"},
				"south": {"uv": [2.125, 0, 0, 1.25], "texture": "#1"},
				"west": {"uv": [6.495, 0, 0, 1.25], "texture": "#1"},
				"up": {"uv": [0, 2.125, 6.495, 0], "rotation": 90, "texture": "#1"},
				"down": {"uv": [0, 2.125, 6.495, 0], "rotation": 270, "texture": "#1"}
			}
		},
		{
			"from": [12.57748, -11.23381, -8.04497],
			"to": [18.95248, -7.48381, 23.44003],
			"rotation": {"angle": -45, "axis": "z", "origin": [15.87442, -6.10954, 13.69696]},
			"faces": {
				"north": {"uv": [0, 0, 2.125, 1.25], "texture": "#1"},
				"east": {"uv": [0, 0, 6.495, 1.25], "texture": "#1"},
				"south": {"uv": [0, 0, 2.125, 1.25], "texture": "#1"},
				"west": {"uv": [0, 0, 6.495, 1.25], "texture": "#1"},
				"up": {"uv": [0, 0, 6.495, 2.125], "rotation": 90, "texture": "#1"},
				"down": {"uv": [0, 0, 6.495, 2.125], "rotation": 270, "texture": "#1"}
			}
		},
		{
			"from": [15.6033, -4.64508, -0.90329],
			"to": [20.6033, -3.64508, 4.09671],
			"rotation": {"angle": -45, "axis": "z", "origin": [18.49923, -2.81272, 7.59594]},
			"faces": {
				"north": {"uv": [0, 0, 1.25, 0.25], "texture": "#1"},
				"east": {"uv": [0, 0, 1.25, 0.25], "texture": "#1"},
				"south": {"uv": [0, 0, 1.25, 0.25], "texture": "#1"},
				"west": {"uv": [0, 0, 1.25, 0.25], "texture": "#1"},
				"up": {"uv": [0, 0, 1.25, 1.25], "rotation": 90, "texture": "#1"},
				"down": {"uv": [0, 0, 1.25, 1.25], "rotation": 270, "texture": "#1"}
			}
		},
		{
			"from": [16.1241, -3.70262, 0.34671],
			"to": [28.1241, -1.20262, 2.84671],
			"rotation": {"angle": 22.5, "axis": "z", "origin": [18.49923, -2.81272, 7.59594]},
			"faces": {
				"north": {"uv": [0, 0, 0.625, 3], "rotation": 270, "texture": "#0"},
				"east": {"uv": [0, 0, 0.625, 0.625], "rotation": 180, "texture": "#0"},
				"south": {"uv": [0, 0, 0.625, 3], "rotation": 90, "texture": "#0"},
				"west": {"uv": [0, 0, 0.625, 0.625], "texture": "#0"},
				"up": {"uv": [0, 0, 0.625, 3], "rotation": 90, "texture": "#0"},
				"down": {"uv": [0, 0, 0.625, 3], "rotation": 90, "texture": "#0"}
			}
		},
		{
			"from": [28.1241, -3.95262, 0.09671],
			"to": [29.1241, -0.95262, 3.09671],
			"rotation": {"angle": 22.5, "axis": "z", "origin": [18.49923, -2.81272, 7.59594]},
			"faces": {
				"north": {"uv": [0, 0, 0.75, 0.25], "rotation": 270, "texture": "#1"},
				"east": {"uv": [0, 0, 0.75, 0.75], "rotation": 180, "texture": "#1"},
				"south": {"uv": [0, 0, 0.75, 0.25], "rotation": 90, "texture": "#1"},
				"west": {"uv": [0, 0, 0.75, 0.75], "texture": "#1"},
				"up": {"uv": [0, 0, 0.75, 0.25], "rotation": 90, "texture": "#1"},
				"down": {"uv": [0, 0, 0.75, 0.25], "rotation": 90, "texture": "#1"}
			}
		},
		{
			"from": [16.1241, -3.70262, 6.34671],
			"to": [28.1241, -1.20262, 8.84671],
			"rotation": {"angle": 22.5, "axis": "z", "origin": [18.49923, -2.81272, 7.59594]},
			"faces": {
				"north": {"uv": [0, 0, 0.625, 3], "rotation": 270, "texture": "#0"},
				"east": {"uv": [0, 0, 0.625, 0.625], "rotation": 180, "texture": "#0"},
				"south": {"uv": [0, 0, 0.625, 3], "rotation": 90, "texture": "#0"},
				"west": {"uv": [0, 0, 0.625, 0.625], "texture": "#0"},
				"up": {"uv": [0, 0, 0.625, 3], "rotation": 90, "texture": "#0"},
				"down": {"uv": [0, 0, 0.625, 3], "rotation": 90, "texture": "#0"}
			}
		},
		{
			"from": [28.1241, -3.95262, 6.09671],
			"to": [29.1241, -0.95262, 9.09671],
			"rotation": {"angle": 22.5, "axis": "z", "origin": [18.49923, -2.81272, 7.59594]},
			"faces": {
				"north": {"uv": [0, 0, 0.75, 0.25], "rotation": 270, "texture": "#1"},
				"east": {"uv": [0, 0, 0.75, 0.75], "rotation": 180, "texture": "#1"},
				"south": {"uv": [0, 0, 0.75, 0.25], "rotation": 90, "texture": "#1"},
				"west": {"uv": [0, 0, 0.75, 0.75], "texture": "#1"},
				"up": {"uv": [0, 0, 0.75, 0.25], "rotation": 90, "texture": "#1"},
				"down": {"uv": [0, 0, 0.75, 0.25], "rotation": 90, "texture": "#1"}
			}
		},
		{
			"from": [15.6033, -4.64508, 5.09671],
			"to": [20.6033, -3.64508, 10.09671],
			"rotation": {"angle": -45, "axis": "z", "origin": [18.49923, -2.81272, 7.59594]},
			"faces": {
				"north": {"uv": [0, 0, 1.25, 0.25], "texture": "#1"},
				"east": {"uv": [0, 0, 1.25, 0.25], "texture": "#1"},
				"south": {"uv": [0, 0, 1.25, 0.25], "texture": "#1"},
				"west": {"uv": [0, 0, 1.25, 0.25], "texture": "#1"},
				"up": {"uv": [0, 0, 1.25, 1.25], "rotation": 90, "texture": "#1"},
				"down": {"uv": [0, 0, 1.25, 1.25], "rotation": 270, "texture": "#1"}
			}
		},
		{
			"from": [15.6033, -4.64508, 11.09671],
			"to": [20.6033, -3.64508, 16.09671],
			"rotation": {"angle": -45, "axis": "z", "origin": [18.49923, -2.81272, 7.59594]},
			"faces": {
				"north": {"uv": [0, 0, 1.25, 0.25], "texture": "#1"},
				"east": {"uv": [0, 0, 1.25, 0.25], "texture": "#1"},
				"south": {"uv": [0, 0, 1.25, 0.25], "texture": "#1"},
				"west": {"uv": [0, 0, 1.25, 0.25], "texture": "#1"},
				"up": {"uv": [0, 0, 1.25, 1.25], "rotation": 90, "texture": "#1"},
				"down": {"uv": [0, 0, 1.25, 1.25], "rotation": 270, "texture": "#1"}
			}
		},
		{
			"from": [16.1241, -3.70262, 12.34671],
			"to": [28.1241, -1.20262, 14.84671],
			"rotation": {"angle": 22.5, "axis": "z", "origin": [18.49923, -2.81272, 7.59594]},
			"faces": {
				"north": {"uv": [0, 0, 0.625, 3], "rotation": 270, "texture": "#0"},
				"east": {"uv": [0, 0, 0.625, 0.625], "rotation": 180, "texture": "#0"},
				"south": {"uv": [0, 0, 0.625, 3], "rotation": 90, "texture": "#0"},
				"west": {"uv": [0, 0, 0.625, 0.625], "texture": "#0"},
				"up": {"uv": [0, 0, 0.625, 3], "rotation": 90, "texture": "#0"},
				"down": {"uv": [0, 0, 0.625, 3], "rotation": 90, "texture": "#0"}
			}
		},
		{
			"from": [28.1241, -3.95262, 12.09671],
			"to": [29.1241, -0.95262, 15.09671],
			"rotation": {"angle": 22.5, "axis": "z", "origin": [18.49923, -2.81272, 7.59594]},
			"faces": {
				"north": {"uv": [0, 0, 0.75, 0.25], "rotation": 270, "texture": "#1"},
				"east": {"uv": [0, 0, 0.75, 0.75], "rotation": 180, "texture": "#1"},
				"south": {"uv": [0, 0, 0.75, 0.25], "rotation": 90, "texture": "#1"},
				"west": {"uv": [0, 0, 0.75, 0.75], "texture": "#1"},
				"up": {"uv": [0, 0, 0.75, 0.25], "rotation": 90, "texture": "#1"},
				"down": {"uv": [0, 0, 0.75, 0.25], "rotation": 90, "texture": "#1"}
			}
		},
		{
			"from": [-4.6033, -4.64508, -0.90329],
			"to": [0.3967, -3.64508, 4.09671],
			"rotation": {"angle": 45, "axis": "z", "origin": [-2.49923, -2.81272, 7.59594]},
			"faces": {
				"north": {"uv": [1.25, 0, 0, 0.25], "texture": "#1"},
				"east": {"uv": [1.25, 0, 0, 0.25], "texture": "#1"},
				"south": {"uv": [1.25, 0, 0, 0.25], "texture": "#1"},
				"west": {"uv": [1.25, 0, 0, 0.25], "texture": "#1"},
				"up": {"uv": [0, 1.25, 1.25, 0], "rotation": 90, "texture": "#1"},
				"down": {"uv": [0, 1.25, 1.25, 0], "rotation": 270, "texture": "#1"}
			}
		},
		{
			"from": [-12.1241, -3.70262, 0.34671],
			"to": [-0.1241, -1.20262, 2.84671],
			"rotation": {"angle": -22.5, "axis": "z", "origin": [-2.49923, -2.81272, 7.59594]},
			"faces": {
				"north": {"uv": [0, 3, 0.625, 0], "rotation": 270, "texture": "#0"},
				"east": {"uv": [0.625, 0, 0, 0.625], "texture": "#0"},
				"south": {"uv": [0, 3, 0.625, 0], "rotation": 90, "texture": "#0"},
				"west": {"uv": [0.625, 0, 0, 0.625], "rotation": 180, "texture": "#0"},
				"up": {"uv": [0, 3, 0.625, 0], "rotation": 90, "texture": "#0"},
				"down": {"uv": [0, 3, 0.625, 0], "rotation": 90, "texture": "#0"}
			}
		},
		{
			"from": [-13.1241, -3.95262, 0.09671],
			"to": [-12.1241, -0.95262, 3.09671],
			"rotation": {"angle": -22.5, "axis": "z", "origin": [-2.49923, -2.81272, 7.59594]},
			"faces": {
				"north": {"uv": [0, 0.25, 0.75, 0], "rotation": 270, "texture": "#1"},
				"east": {"uv": [0.75, 0, 0, 0.75], "texture": "#1"},
				"south": {"uv": [0, 0.25, 0.75, 0], "rotation": 90, "texture": "#1"},
				"west": {"uv": [0.75, 0, 0, 0.75], "rotation": 180, "texture": "#1"},
				"up": {"uv": [0, 0.25, 0.75, 0], "rotation": 90, "texture": "#1"},
				"down": {"uv": [0, 0.25, 0.75, 0], "rotation": 90, "texture": "#1"}
			}
		},
		{
			"from": [-12.1241, -3.70262, 6.34671],
			"to": [-0.1241, -1.20262, 8.84671],
			"rotation": {"angle": -22.5, "axis": "z", "origin": [-2.49923, -2.81272, 7.59594]},
			"faces": {
				"north": {"uv": [0, 3, 0.625, 0], "rotation": 270, "texture": "#0"},
				"east": {"uv": [0.625, 0, 0, 0.625], "texture": "#0"},
				"south": {"uv": [0, 3, 0.625, 0], "rotation": 90, "texture": "#0"},
				"west": {"uv": [0.625, 0, 0, 0.625], "rotation": 180, "texture": "#0"},
				"up": {"uv": [0, 3, 0.625, 0], "rotation": 90, "texture": "#0"},
				"down": {"uv": [0, 3, 0.625, 0], "rotation": 90, "texture": "#0"}
			}
		},
		{
			"from": [-13.1241, -3.95262, 6.09671],
			"to": [-12.1241, -0.95262, 9.09671],
			"rotation": {"angle": -22.5, "axis": "z", "origin": [-2.49923, -2.81272, 7.59594]},
			"faces": {
				"north": {"uv": [0, 0.25, 0.75, 0], "rotation": 270, "texture": "#1"},
				"east": {"uv": [0.75, 0, 0, 0.75], "texture": "#1"},
				"south": {"uv": [0, 0.25, 0.75, 0], "rotation": 90, "texture": "#1"},
				"west": {"uv": [0.75, 0, 0, 0.75], "rotation": 180, "texture": "#1"},
				"up": {"uv": [0, 0.25, 0.75, 0], "rotation": 90, "texture": "#1"},
				"down": {"uv": [0, 0.25, 0.75, 0], "rotation": 90, "texture": "#1"}
			}
		},
		{
			"from": [-4.6033, -4.64508, 5.09671],
			"to": [0.3967, -3.64508, 10.09671],
			"rotation": {"angle": 45, "axis": "z", "origin": [-2.49923, -2.81272, 7.59594]},
			"faces": {
				"north": {"uv": [1.25, 0, 0, 0.25], "texture": "#1"},
				"east": {"uv": [1.25, 0, 0, 0.25], "texture": "#1"},
				"south": {"uv": [1.25, 0, 0, 0.25], "texture": "#1"},
				"west": {"uv": [1.25, 0, 0, 0.25], "texture": "#1"},
				"up": {"uv": [0, 1.25, 1.25, 0], "rotation": 90, "texture": "#1"},
				"down": {"uv": [0, 1.25, 1.25, 0], "rotation": 270, "texture": "#1"}
			}
		},
		{
			"from": [-4.6033, -4.64508, 11.09671],
			"to": [0.3967, -3.64508, 16.09671],
			"rotation": {"angle": 45, "axis": "z", "origin": [-2.49923, -2.81272, 7.59594]},
			"faces": {
				"north": {"uv": [1.25, 0, 0, 0.25], "texture": "#1"},
				"east": {"uv": [1.25, 0, 0, 0.25], "texture": "#1"},
				"south": {"uv": [1.25, 0, 0, 0.25], "texture": "#1"},
				"west": {"uv": [1.25, 0, 0, 0.25], "texture": "#1"},
				"up": {"uv": [0, 1.25, 1.25, 0], "rotation": 90, "texture": "#1"},
				"down": {"uv": [0, 1.25, 1.25, 0], "rotation": 270, "texture": "#1"}
			}
		},
		{
			"from": [-12.1241, -3.70262, 12.34671],
			"to": [-0.1241, -1.20262, 14.84671],
			"rotation": {"angle": -22.5, "axis": "z", "origin": [-2.49923, -2.81272, 7.59594]},
			"faces": {
				"north": {"uv": [0, 3, 0.625, 0], "rotation": 270, "texture": "#0"},
				"east": {"uv": [0.625, 0, 0, 0.625], "texture": "#0"},
				"south": {"uv": [0, 3, 0.625, 0], "rotation": 90, "texture": "#0"},
				"west": {"uv": [0.625, 0, 0, 0.625], "rotation": 180, "texture": "#0"},
				"up": {"uv": [0, 3, 0.625, 0], "rotation": 90, "texture": "#0"},
				"down": {"uv": [0, 3, 0.625, 0], "rotation": 90, "texture": "#0"}
			}
		},
		{
			"from": [-13.1241, -3.95262, 12.09671],
			"to": [-12.1241, -0.95262, 15.09671],
			"rotation": {"angle": -22.5, "axis": "z", "origin": [-2.49923, -2.81272, 7.59594]},
			"faces": {
				"north": {"uv": [0, 0.25, 0.75, 0], "rotation": 270, "texture": "#1"},
				"east": {"uv": [0.75, 0, 0, 0.75], "texture": "#1"},
				"south": {"uv": [0, 0.25, 0.75, 0], "rotation": 90, "texture": "#1"},
				"west": {"uv": [0.75, 0, 0, 0.75], "rotation": 180, "texture": "#1"},
				"up": {"uv": [0, 0.25, 0.75, 0], "rotation": 90, "texture": "#1"},
				"down": {"uv": [0, 0.25, 0.75, 0], "rotation": 90, "texture": "#1"}
			}
		}
	],
	"display": {
		"head": {
			"translation": [0, -34, 0],
			"scale": [4, 4, 4]
		}
	},
	"groups": [
		{
			"name": "group",
			"origin": [0, -1, 8],
			"color": 0,
			"children": [0, 1, 2, 3, 4, 5, 6, 7,
				{
					"name": "group",
					"origin": [16.49923, -2.81272, 3.59594],
					"color": 0,
					"children": [8, 9, 10, 11, 12, 13, 14, 15, 16]
				},
				{
					"name": "group",
					"origin": [16.49923, -2.81272, 3.59594],
					"color": 0,
					"children": [17, 18, 19, 20, 21, 22, 23, 24, 25]
				}
			]
		}
	]
}