{
	"credit": "Made with Blockbench",
	"texture_size": [64, 64],
	"textures": {
		"0": "ship/iron_block",
		"1": "ship/black_concrete",
		"4": "ship/red_terracotta",
		"5": "ship/spruce_planks",
		"particle": "ship/iron_block"
	},
	"elements": [
		{
			"from": [-11, 13, -16],
			"to": [27, 18, -1],
			"rotation": {"angle": 0, "axis": "y", "origin": [0, 6, 16]},
			"faces": {
				"north": {"uv": [9.5, 0, 0, 1.25], "texture": "#5"},
				"east": {"uv": [3.75, 0, 0, 1.25], "texture": "#5"},
				"south": {"uv": [9.5, 0, 0, 1.25], "texture": "#5"},
				"west": {"uv": [3.75, 0, 0, 1.25], "texture": "#5"},
				"up": {"uv": [0, 3.75, 9.5, 0], "texture": "#5"},
				"down": {"uv": [0, 3.75, 9.5, 0], "texture": "#5"}
			}
		},
		{
			"from": [-6, 13, -1],
			"to": [22, 18, 12],
			"rotation": {"angle": 0, "axis": "y", "origin": [0, 6, 16]},
			"faces": {
				"north": {"uv": [7, 0, 0, 1.25], "texture": "#5"},
				"east": {"uv": [3.25, 0, 0, 1.25], "texture": "#5"},
				"south": {"uv": [7, 0, 0, 1.25], "texture": "#5"},
				"west": {"uv": [3.25, 0, 0, 1.25], "texture": "#5"},
				"up": {"uv": [0, 3.25, 7, 0], "texture": "#5"},
				"down": {"uv": [0, 3.25, 7, 0], "texture": "#5"}
			}
		},
		{
			"from": [-1, 13, 12],
			"to": [17, 18, 20],
			"rotation": {"angle": 0, "axis": "y", "origin": [0, 6, 16]},
			"faces": {
				"north": {"uv": [4.5, 0, 0, 1.25], "texture": "#5"},
				"east": {"uv": [2, 0, 0, 1.25], "texture": "#5"},
				"south": {"uv": [4.5, 0, 0, 1.25], "texture": "#5"},
				"west": {"uv": [2, 0, 0, 1.25], "texture": "#5"},
				"up": {"uv": [0, 2, 4.5, 0], "texture": "#5"},
				"down": {"uv": [0, 2, 4.5, 0], "texture": "#5"}
			}
		},
		{
			"from": [2, 13, 20],
			"to": [13, 18, 24],
			"rotation": {"angle": 0, "axis": "y", "origin": [0, 6, 16]},
			"faces": {
				"north": {"uv": [2.75, 0, 0, 1.25], "texture": "#5"},
				"east": {"uv": [1, 0, 0, 1.25], "texture": "#5"},
				"south": {"uv": [2.75, 0, 0, 1.25], "texture": "#5"},
				"west": {"uv": [1, 0, 0, 1.25], "texture": "#5"},
				"up": {"uv": [0, 1, 2.75, 0], "texture": "#5"},
				"down": {"uv": [0, 1, 2.75, 0], "texture": "#5"}
			}
		},
		{
			"from": [26.98405, -8.08018, -16],
			"to": [31.98405, 5.91982, -12],
			"rotation": {"angle": -22.5, "axis": "z", "origin": [32.19357, 5.91982, -16]},
			"faces": {
				"north": {"uv": [0, 1.25, 3.5, 0], "rotation": 90, "texture": "#4"},
				"east": {"uv": [0, 1, 3.5, 0], "rotation": 90, "texture": "#4"},
				"south": {"uv": [0, 1.25, 3.5, 0], "rotation": 270, "texture": "#4"},
				"west": {"uv": [0, 1, 3.5, 0], "rotation": 90, "texture": "#4"},
				"up": {"uv": [1, 0, 0, 1.25], "rotation": 90, "texture": "#4"},
				"down": {"uv": [1, 0, 0, 1.25], "rotation": 90, "texture": "#4"}
			}
		},
		{
			"from": [21.64243, -14.93431, -16],
			"to": [26.64243, -6.93431, -12],
			"rotation": {"angle": -45, "axis": "z", "origin": [26.64243, -6.93431, 32]},
			"faces": {
				"north": {"uv": [0, 1.25, 2, 0], "rotation": 90, "texture": "#4"},
				"east": {"uv": [0, 1, 2, 0], "rotation": 90, "texture": "#4"},
				"south": {"uv": [0, 1.25, 2, 0], "rotation": 270, "texture": "#4"},
				"west": {"uv": [0, 1, 2, 0], "rotation": 90, "texture": "#4"},
				"up": {"uv": [1, 0, 0, 1.25], "rotation": 90, "texture": "#4"},
				"down": {"uv": [1, 0, 0, 1.25], "rotation": 90, "texture": "#4"}
			}
		},
		{
			"from": [12.98558, -12.59117, -16],
			"to": [20.98558, -7.59117, -12],
			"rotation": {"angle": 22.5, "axis": "z", "origin": [20.98558, -12.59117, 32]},
			"faces": {
				"north": {"uv": [2, 0, 0, 1.25], "rotation": 180, "texture": "#4"},
				"east": {"uv": [1, 0, 0, 1.25], "rotation": 180, "texture": "#4"},
				"south": {"uv": [2, 0, 0, 1.25], "rotation": 180, "texture": "#4"},
				"west": {"uv": [1, 0, 0, 1.25], "rotation": 180, "texture": "#4"},
				"up": {"uv": [0, 1, 2, 0], "rotation": 180, "texture": "#4"},
				"down": {"uv": [0, 1, 2, 0], "rotation": 180, "texture": "#4"}
			}
		},
		{
			"from": [-4.98558, -12.59117, -16],
			"to": [3.01442, -7.59117, -12],
			"rotation": {"angle": -22.5, "axis": "z", "origin": [-4.98558, -12.59117, 32]},
			"faces": {
				"north": {"uv": [0, 0, 2, 1.25], "rotation": 180, "texture": "#4"},
				"east": {"uv": [0, 0, 1, 1.25], "rotation": 180, "texture": "#4"},
				"south": {"uv": [0, 0, 2, 1.25], "rotation": 180, "texture": "#4"},
				"west": {"uv": [0, 0, 1, 1.25], "rotation": 180, "texture": "#4"},
				"up": {"uv": [2, 1, 0, 0], "rotation": 180, "texture": "#4"},
				"down": {"uv": [2, 1, 0, 0], "rotation": 180, "texture": "#4"}
			}
		},
		{
			"from": [-10.64243, -14.93431, -16],
			"to": [-5.64243, -6.93431, -12],
			"rotation": {"angle": 45, "axis": "z", "origin": [-10.64243, -6.93431, 32]},
			"faces": {
				"north": {"uv": [0, 0, 2, 1.25], "rotation": 90, "texture": "#4"},
				"east": {"uv": [0, 0, 2, 1], "rotation": 90, "texture": "#4"},
				"south": {"uv": [0, 0, 2, 1.25], "rotation": 270, "texture": "#4"},
				"west": {"uv": [0, 0, 2, 1], "rotation": 90, "texture": "#4"},
				"up": {"uv": [1, 1.25, 0, 0], "rotation": 90, "texture": "#4"},
				"down": {"uv": [1, 1.25, 0, 0], "rotation": 90, "texture": "#4"}
			}
		},
		{
			"from": [-15.98405, -8.08018, -16],
			"to": [-10.98405, 5.91982, -12],
			"rotation": {"angle": 22.5, "axis": "z", "origin": [-16.19357, 5.91982, -16]},
			"faces": {
				"north": {"uv": [0, 0, 3.5, 1.25], "rotation": 90, "texture": "#4"},
				"east": {"uv": [0, 0, 3.5, 1], "rotation": 90, "texture": "#4"},
				"south": {"uv": [0, 0, 3.5, 1.25], "rotation": 270, "texture": "#4"},
				"west": {"uv": [0, 0, 3.5, 1], "rotation": 90, "texture": "#4"},
				"up": {"uv": [1, 1.25, 0, 0], "rotation": 90, "texture": "#4"},
				"down": {"uv": [1, 1.25, 0, 0], "rotation": 90, "texture": "#4"}
			}
		},
		{
			"from": [-15.98405, 5.91982, -16],
			"to": [-10.98405, 12.91982, -12],
			"rotation": {"angle": 0, "axis": "z", "origin": [-16.19357, 5.91982, -16]},
			"faces": {
				"north": {"uv": [0, 0, 1.75, 1.25], "rotation": 90, "texture": "#4"},
				"east": {"uv": [0, 0, 1.75, 1], "rotation": 90, "texture": "#4"},
				"south": {"uv": [0, 0, 1.75, 1.25], "rotation": 270, "texture": "#4"},
				"west": {"uv": [0, 0, 1.75, 1], "rotation": 90, "texture": "#4"},
				"up": {"uv": [1, 1.25, 0, 0], "rotation": 90, "texture": "#4"},
				"down": {"uv": [1, 1.25, 0, 0], "rotation": 90, "texture": "#4"}
			}
		},
		{
			"from": [-15.98405, 17.91982, -16],
			"to": [-10.98405, 24.91982, -12],
			"rotation": {"angle": 0, "axis": "z", "origin": [-16.19357, 5.91982, -16]},
			"faces": {
				"north": {"uv": [0, 0, 1.75, 1.25], "rotation": 90, "texture": "#0"},
				"east": {"uv": [0, 0, 1.75, 1], "rotation": 90, "texture": "#0"},
				"south": {"uv": [0, 0, 1.75, 1.25], "rotation": 270, "texture": "#0"},
				"west": {"uv": [0, 0, 1.75, 1], "rotation": 90, "texture": "#0"},
				"up": {"uv": [1, 1.25, 0, 0], "rotation": 90, "texture": "#0"},
				"down": {"uv": [1, 1.25, 0, 0], "rotation": 90, "texture": "#0"}
			}
		},
		{
			"from": [-15.98405, 12.91982, -16],
			"to": [-10.98405, 17.91982, -12],
			"rotation": {"angle": 0, "axis": "z", "origin": [-16.19357, 5.91982, -16]},
			"faces": {
				"north": {"uv": [0, 0, 1.25, 1.25], "rotation": 90, "texture": "#1"},
				"east": {"uv": [0, 0, 1.25, 1], "rotation": 90, "texture": "#1"},
				"south": {"uv": [0, 0, 1.25, 1.25], "rotation": 270, "texture": "#1"},
				"west": {"uv": [0, 0, 1.25, 1], "rotation": 90, "texture": "#1"},
				"up": {"uv": [1, 1.25, 0, 0], "rotation": 90, "texture": "#1"},
				"down": {"uv": [1, 1.25, 0, 0], "rotation": 90, "texture": "#1"}
			}
		},
		{
			"from": [7.56349, 2.91982, -8.6566],
			"to": [12.56349, 5.91982, 24.7434],
			"rotation": {"angle": -22.5, "axis": "y", "origin": [31.63749, 18.26718, 34.71807]},
			"faces": {
				"north": {"uv": [0, 1.25, 0.75, 0], "rotation": 90, "texture": "#4"},
				"east": {"uv": [0, 8.35, 0.75, 0], "rotation": 90, "texture": "#4"},
				"south": {"uv": [0, 1.25, 0.75, 0], "rotation": 270, "texture": "#4"},
				"west": {"uv": [0, 8.35, 0.75, 0], "rotation": 90, "texture": "#4"},
				"up": {"uv": [8.35, 0, 0, 1.25], "rotation": 90, "texture": "#4"},
				"down": {"uv": [8.35, 0, 0, 1.25], "rotation": 90, "texture": "#4"}
			}
		},
		{
			"from": [6.31349, -0.08018, -8.6566],
			"to": [11.31349, 2.91982, 24.7434],
			"rotation": {"angle": -22.5, "axis": "y", "origin": [31.63749, 18.26718, 34.71807]},
			"faces": {
				"north": {"uv": [0, 1.25, 0.75, 0], "rotation": 90, "texture": "#4"},
				"east": {"uv": [0, 8.35, 0.75, 0], "rotation": 90, "texture": "#4"},
				"south": {"uv": [0, 1.25, 0.75, 0], "rotation": 270, "texture": "#4"},
				"west": {"uv": [0, 8.35, 0.75, 0], "rotation": 90, "texture": "#4"},
				"up": {"uv": [8.35, 0, 0, 1.25], "rotation": 90, "texture": "#4"},
				"down": {"uv": [8.35, 0, 0, 1.25], "rotation": 90, "texture": "#4"}
			}
		},
		{
			"from": [4.81349, -3.08018, -8.6566],
			"to": [9.81349, -0.08018, 24.7434],
			"rotation": {"angle": -22.5, "axis": "y", "origin": [31.63749, 18.26718, 34.71807]},
			"faces": {
				"north": {"uv": [0, 1.25, 0.75, 0], "rotation": 90, "texture": "#4"},
				"east": {"uv": [0, 8.35, 0.75, 0], "rotation": 90, "texture": "#4"},
				"south": {"uv": [0, 1.25, 0.75, 0], "rotation": 270, "texture": "#4"},
				"west": {"uv": [0, 8.35, 0.75, 0], "rotation": 90, "texture": "#4"},
				"up": {"uv": [8.35, 0, 0, 1.25], "rotation": 90, "texture": "#4"},
				"down": {"uv": [8.35, 0, 0, 1.25], "rotation": 90, "texture": "#4"}
			}
		},
		{
			"from": [3.56349, -6.08018, -8.6566],
			"to": [8.56349, -3.08018, 24.7434],
			"rotation": {"angle": -22.5, "axis": "y", "origin": [31.63749, 18.26718, 34.71807]},
			"faces": {
				"north": {"uv": [0, 1.25, 0.75, 0], "rotation": 90, "texture": "#4"},
				"east": {"uv": [0, 8.35, 0.75, 0], "rotation": 90, "texture": "#4"},
				"south": {"uv": [0, 1.25, 0.75, 0], "rotation": 270, "texture": "#4"},
				"west": {"uv": [0, 8.35, 0.75, 0], "rotation": 90, "texture": "#4"},
				"up": {"uv": [8.35, 0, 0, 1.25], "rotation": 90, "texture": "#4"},
				"down": {"uv": [8.35, 0, 0, 1.25], "rotation": 90, "texture": "#4"}
			}
		},
		{
			"from": [0.56349, -9.08018, -7.6566],
			"to": [5.56349, -6.08018, 24.7434],
			"rotation": {"angle": -22.5, "axis": "y", "origin": [31.63749, 18.26718, 34.71807]},
			"faces": {
				"north": {"uv": [0, 1.25, 0.75, 0], "rotation": 90, "texture": "#4"},
				"east": {"uv": [0, 8.1, 0.75, 0], "rotation": 90, "texture": "#4"},
				"south": {"uv": [0, 1.25, 0.75, 0], "rotation": 270, "texture": "#4"},
				"west": {"uv": [0, 8.1, 0.75, 0], "rotation": 90, "texture": "#4"},
				"up": {"uv": [8.1, 0, 0, 1.25], "rotation": 90, "texture": "#4"},
				"down": {"uv": [8.1, 0, 0, 1.25], "rotation": 90, "texture": "#4"}
			}
		},
		{
			"from": [-1.43651, -12.08018, -6.6566],
			"to": [3.56349, -9.08018, 23.7434],
			"rotation": {"angle": -22.5, "axis": "y", "origin": [31.63749, 18.26718, 34.71807]},
			"faces": {
				"north": {"uv": [0, 1.25, 0.75, 0], "rotation": 90, "texture": "#4"},
				"east": {"uv": [0, 7.6, 0.75, 0], "rotation": 90, "texture": "#4"},
				"south": {"uv": [0, 1.25, 0.75, 0], "rotation": 270, "texture": "#4"},
				"west": {"uv": [0, 7.6, 0.75, 0], "rotation": 90, "texture": "#4"},
				"up": {"uv": [7.6, 0, 0, 1.25], "rotation": 90, "texture": "#4"},
				"down": {"uv": [7.6, 0, 0, 1.25], "rotation": 90, "texture": "#4"}
			}
		},
		{
			"from": [-4.68651, -14.08018, -3.6566],
			"to": [0.31349, -12.08018, 15.7434],
			"rotation": {"angle": -22.5, "axis": "y", "origin": [31.63749, 18.26718, 34.71807]},
			"faces": {
				"north": {"uv": [0, 1.25, 0.5, 0], "rotation": 90, "texture": "#4"},
				"east": {"uv": [0, 4.85, 0.5, 0], "rotation": 90, "texture": "#4"},
				"south": {"uv": [0, 1.25, 0.5, 0], "rotation": 270, "texture": "#4"},
				"west": {"uv": [0, 4.85, 0.5, 0], "rotation": 90, "texture": "#4"},
				"up": {"uv": [4.85, 0, 0, 1.25], "rotation": 90, "texture": "#4"},
				"down": {"uv": [4.85, 0, 0, 1.25], "rotation": 90, "texture": "#4"}
			}
		},
		{
			"from": [4.08987, -15.08018, -15.56581],
			"to": [12.08987, -13.08018, -3.16581],
			"rotation": {"angle": 0, "axis": "y", "origin": [8.58987, -14.08018, -5.86581]},
			"faces": {
				"north": {"uv": [0, 2, 0.5, 0], "rotation": 90, "texture": "#4"},
				"east": {"uv": [0, 3.1, 0.5, 0], "rotation": 90, "texture": "#4"},
				"south": {"uv": [0, 2, 0.5, 0], "rotation": 270, "texture": "#4"},
				"west": {"uv": [0, 3.1, 0.5, 0], "rotation": 90, "texture": "#4"},
				"up": {"uv": [3.1, 0, 0, 2], "rotation": 90, "texture": "#4"},
				"down": {"uv": [3.1, 0, 0, 2], "rotation": 90, "texture": "#4"}
			}
		},
		{
			"from": [15.68651, -14.08018, -3.6566],
			"to": [20.68651, -12.08018, 15.7434],
			"rotation": {"angle": 22.5, "axis": "y", "origin": [-15.63749, 18.26718, 34.71807]},
			"faces": {
				"north": {"uv": [0, 0, 0.5, 1.25], "rotation": 90, "texture": "#4"},
				"east": {"uv": [0, 0, 0.5, 4.85], "rotation": 90, "texture": "#4"},
				"south": {"uv": [0, 0, 0.5, 1.25], "rotation": 270, "texture": "#4"},
				"west": {"uv": [0, 0, 0.5, 4.85], "rotation": 90, "texture": "#4"},
				"up": {"uv": [4.85, 1.25, 0, 0], "rotation": 90, "texture": "#4"},
				"down": {"uv": [4.85, 1.25, 0, 0], "rotation": 90, "texture": "#4"}
			}
		},
		{
			"from": [6.02126, -14.08018, 4.3591],
			"to": [10.02126, -12.08018, 5.6091],
			"rotation": {"angle": 0, "axis": "y", "origin": [8.27126, -13.08018, 5.3591]},
			"faces": {
				"north": {"uv": [0, 0, 0.5, 1], "rotation": 90, "texture": "#4"},
				"east": {"uv": [0, 0, 0.5, 0.3125], "rotation": 90, "texture": "#4"},
				"south": {"uv": [0, 0, 0.5, 1], "rotation": 270, "texture": "#4"},
				"west": {"uv": [0, 0, 0.5, 0.3125], "rotation": 90, "texture": "#4"},
				"up": {"uv": [0.3125, 1, 0, 0], "rotation": 90, "texture": "#4"},
				"down": {"uv": [0.3125, 1, 0, 0], "rotation": 90, "texture": "#4"}
			}
		},
		{
			"from": [12.43651, -12.08018, -6.6566],
			"to": [17.18651, -9.08018, 23.7434],
			"rotation": {"angle": 22.5, "axis": "y", "origin": [-15.63749, 18.26718, 34.71807]},
			"faces": {
				"north": {"uv": [0, 0, 0.75, 1.1875], "rotation": 90, "texture": "#4"},
				"east": {"uv": [0, 0, 0.75, 7.6], "rotation": 90, "texture": "#4"},
				"south": {"uv": [0, 0, 0.75, 1.1875], "rotation": 270, "texture": "#4"},
				"west": {"uv": [0, 0, 0.75, 7.6], "rotation": 90, "texture": "#4"},
				"up": {"uv": [7.6, 1.1875, 0, 0], "rotation": 90, "texture": "#4"},
				"down": {"uv": [7.6, 1.1875, 0, 0], "rotation": 90, "texture": "#4"}
			}
		},
		{
			"from": [7.43651, -6.08018, -8.6566],
			"to": [12.43651, -3.08018, 24.7434],
			"rotation": {"angle": 22.5, "axis": "y", "origin": [-15.63749, 18.26718, 34.71807]},
			"faces": {
				"north": {"uv": [0, 0, 0.75, 1.25], "rotation": 90, "texture": "#4"},
				"east": {"uv": [0, 0, 0.75, 8.35], "rotation": 90, "texture": "#4"},
				"south": {"uv": [0, 0, 0.75, 1.25], "rotation": 270, "texture": "#4"},
				"west": {"uv": [0, 0, 0.75, 8.35], "rotation": 90, "texture": "#4"},
				"up": {"uv": [8.35, 1.25, 0, 0], "rotation": 90, "texture": "#4"},
				"down": {"uv": [8.35, 1.25, 0, 0], "rotation": 90, "texture": "#4"}
			}
		},
		{
			"from": [10.43651, -9.08018, -7.6566],
			"to": [15.43651, -6.08018, 24.7434],
			"rotation": {"angle": 22.5, "axis": "y", "origin": [-15.63749, 18.26718, 34.71807]},
			"faces": {
				"north": {"uv": [0, 0, 0.75, 1.25], "rotation": 90, "texture": "#4"},
				"east": {"uv": [0, 0, 0.75, 8.1], "rotation": 90, "texture": "#4"},
				"south": {"uv": [0, 0, 0.75, 1.25], "rotation": 270, "texture": "#4"},
				"west": {"uv": [0, 0, 0.75, 8.1], "rotation": 90, "texture": "#4"},
				"up": {"uv": [8.1, 1.25, 0, 0], "rotation": 90, "texture": "#4"},
				"down": {"uv": [8.1, 1.25, 0, 0], "rotation": 90, "texture": "#4"}
			}
		},
		{
			"from": [6.18651, -3.08018, -8.6566],
			"to": [11.18651, -0.08018, 24.7434],
			"rotation": {"angle": 22.5, "axis": "y", "origin": [-15.63749, 18.26718, 34.71807]},
			"faces": {
				"north": {"uv": [0, 0, 0.75, 1.25], "rotation": 90, "texture": "#4"},
				"east": {"uv": [0, 0, 0.75, 8.35], "rotation": 90, "texture": "#4"},
				"south": {"uv": [0, 0, 0.75, 1.25], "rotation": 270, "texture": "#4"},
				"west": {"uv": [0, 0, 0.75, 8.35], "rotation": 90, "texture": "#4"},
				"up": {"uv": [8.35, 1.25, 0, 0], "rotation": 90, "texture": "#4"},
				"down": {"uv": [8.35, 1.25, 0, 0], "rotation": 90, "texture": "#4"}
			}
		},
		{
			"from": [4.68651, -0.08018, -8.6566],
			"to": [9.68651, 2.91982, 24.7434],
			"rotation": {"angle": 22.5, "axis": "y", "origin": [-15.63749, 18.26718, 34.71807]},
			"faces": {
				"north": {"uv": [0, 0, 0.75, 1.25], "rotation": 90, "texture": "#4"},
				"east": {"uv": [0, 0, 0.75, 8.35], "rotation": 90, "texture": "#4"},
				"south": {"uv": [0, 0, 0.75, 1.25], "rotation": 270, "texture": "#4"},
				"west": {"uv": [0, 0, 0.75, 8.35], "rotation": 90, "texture": "#4"},
				"up": {"uv": [8.35, 1.25, 0, 0], "rotation": 90, "texture": "#4"},
				"down": {"uv": [8.35, 1.25, 0, 0], "rotation": 90, "texture": "#4"}
			}
		},
		{
			"from": [3.43651, 2.91982, -8.6566],
			"to": [8.43651, 5.91982, 24.7434],
			"rotation": {"angle": 22.5, "axis": "y", "origin": [-15.63749, 18.26718, 34.71807]},
			"faces": {
				"north": {"uv": [0, 0, 0.75, 1.25], "rotation": 90, "texture": "#4"},
				"east": {"uv": [0, 0, 0.75, 8.35], "rotation": 90, "texture": "#4"},
				"south": {"uv": [0, 0, 0.75, 1.25], "rotation": 270, "texture": "#4"},
				"west": {"uv": [0, 0, 0.75, 8.35], "rotation": 90, "texture": "#4"},
				"up": {"uv": [8.35, 1.25, 0, 0], "rotation": 90, "texture": "#4"},
				"down": {"uv": [8.35, 1.25, 0, 0], "rotation": 90, "texture": "#4"}
			}
		},
		{
			"from": [12.6313, 2.91982, 18.72063],
			"to": [17.6313, 5.91982, 27.72063],
			"rotation": {"angle": -45, "axis": "y", "origin": [19.19357, 5.91982, 19]},
			"faces": {
				"north": {"uv": [0, 1.25, 0.75, 0], "rotation": 90, "texture": "#4"},
				"east": {"uv": [0, 2.25, 0.75, 0], "rotation": 90, "texture": "#4"},
				"south": {"uv": [0, 1.25, 0.75, 0], "rotation": 270, "texture": "#4"},
				"west": {"uv": [0, 2.25, 0.75, 0], "rotation": 90, "texture": "#4"},
				"up": {"uv": [2.25, 0, 0, 1.25], "rotation": 90, "texture": "#4"},
				"down": {"uv": [2.25, 0, 0, 1.25], "rotation": 90, "texture": "#4"}
			}
		},
		{
			"from": [11.6313, -0.08018, 18.72063],
			"to": [16.6313, 2.91982, 27.72063],
			"rotation": {"angle": -45, "axis": "y", "origin": [19.19357, 5.91982, 19]},
			"faces": {
				"north": {"uv": [0, 1.25, 0.75, 0], "rotation": 90, "texture": "#4"},
				"east": {"uv": [0, 2.25, 0.75, 0], "rotation": 90, "texture": "#4"},
				"south": {"uv": [0, 1.25, 0.75, 0], "rotation": 270, "texture": "#4"},
				"west": {"uv": [0, 2.25, 0.75, 0], "rotation": 90, "texture": "#4"},
				"up": {"uv": [2.25, 0, 0, 1.25], "rotation": 90, "texture": "#4"},
				"down": {"uv": [2.25, 0, 0, 1.25], "rotation": 90, "texture": "#4"}
			}
		},
		{
			"from": [10.1313, -3.08018, 18.72063],
			"to": [15.1313, -0.08018, 27.72063],
			"rotation": {"angle": -45, "axis": "y", "origin": [19.19357, 5.91982, 19]},
			"faces": {
				"north": {"uv": [0, 1.25, 0.75, 0], "rotation": 90, "texture": "#4"},
				"east": {"uv": [0, 2.25, 0.75, 0], "rotation": 90, "texture": "#4"},
				"south": {"uv": [0, 1.25, 0.75, 0], "rotation": 270, "texture": "#4"},
				"west": {"uv": [0, 2.25, 0.75, 0], "rotation": 90, "texture": "#4"},
				"up": {"uv": [2.25, 0, 0, 1.25], "rotation": 90, "texture": "#4"},
				"down": {"uv": [2.25, 0, 0, 1.25], "rotation": 90, "texture": "#4"}
			}
		},
		{
			"from": [9.1313, -6.08018, 18.72063],
			"to": [14.1313, -3.08018, 27.72063],
			"rotation": {"angle": -45, "axis": "y", "origin": [19.19357, 5.91982, 19]},
			"faces": {
				"north": {"uv": [0, 1.25, 0.75, 0], "rotation": 90, "texture": "#4"},
				"east": {"uv": [0, 2.25, 0.75, 0], "rotation": 90, "texture": "#4"},
				"south": {"uv": [0, 1.25, 0.75, 0], "rotation": 270, "texture": "#4"},
				"west": {"uv": [0, 2.25, 0.75, 0], "rotation": 90, "texture": "#4"},
				"up": {"uv": [2.25, 0, 0, 1.25], "rotation": 90, "texture": "#4"},
				"down": {"uv": [2.25, 0, 0, 1.25], "rotation": 90, "texture": "#4"}
			}
		},
		{
			"from": [0.8687, -3.08018, 18.72063],
			"to": [5.8687, -0.08018, 27.72063],
			"rotation": {"angle": 45, "axis": "y", "origin": [-3.19357, 5.91982, 19]},
			"faces": {
				"north": {"uv": [0, 0, 0.75, 1.25], "rotation": 90, "texture": "#4"},
				"east": {"uv": [0, 0, 0.75, 2.25], "rotation": 90, "texture": "#4"},
				"south": {"uv": [0, 0, 0.75, 1.25], "rotation": 270, "texture": "#4"},
				"west": {"uv": [0, 0, 0.75, 2.25], "rotation": 90, "texture": "#4"},
				"up": {"uv": [2.25, 1.25, 0, 0], "rotation": 90, "texture": "#4"},
				"down": {"uv": [2.25, 1.25, 0, 0], "rotation": 90, "texture": "#4"}
			}
		},
		{
			"from": [1.8687, -6.08018, 18.72063],
			"to": [6.8687, -3.08018, 27.72063],
			"rotation": {"angle": 45, "axis": "y", "origin": [-3.19357, 5.91982, 19]},
			"faces": {
				"north": {"uv": [0, 0, 0.75, 1.25], "rotation": 90, "texture": "#4"},
				"east": {"uv": [0, 0, 0.75, 2.25], "rotation": 90, "texture": "#4"},
				"south": {"uv": [0, 0, 0.75, 1.25], "rotation": 270, "texture": "#4"},
				"west": {"uv": [0, 0, 0.75, 2.25], "rotation": 90, "texture": "#4"},
				"up": {"uv": [2.25, 1.25, 0, 0], "rotation": 90, "texture": "#4"},
				"down": {"uv": [2.25, 1.25, 0, 0], "rotation": 90, "texture": "#4"}
			}
		},
		{
			"from": [-0.6313, -0.08018, 18.72063],
			"to": [4.3687, 2.91982, 27.72063],
			"rotation": {"angle": 45, "axis": "y", "origin": [-3.19357, 5.91982, 19]},
			"faces": {
				"north": {"uv": [0, 0, 0.75, 1.25], "rotation": 90, "texture": "#4"},
				"east": {"uv": [0, 0, 0.75, 2.25], "rotation": 90, "texture": "#4"},
				"south": {"uv": [0, 0, 0.75, 1.25], "rotation": 270, "texture": "#4"},
				"west": {"uv": [0, 0, 0.75, 2.25], "rotation": 90, "texture": "#4"},
				"up": {"uv": [2.25, 1.25, 0, 0], "rotation": 90, "texture": "#4"},
				"down": {"uv": [2.25, 1.25, 0, 0], "rotation": 90, "texture": "#4"}
			}
		},
		{
			"from": [-1.6313, 2.91982, 18.72063],
			"to": [3.3687, 5.91982, 27.72063],
			"rotation": {"angle": 45, "axis": "y", "origin": [-3.19357, 5.91982, 19]},
			"faces": {
				"north": {"uv": [0, 0, 0.75, 1.25], "rotation": 90, "texture": "#4"},
				"east": {"uv": [0, 0, 0.75, 2.25], "rotation": 90, "texture": "#4"},
				"south": {"uv": [0, 0, 0.75, 1.25], "rotation": 270, "texture": "#4"},
				"west": {"uv": [0, 0, 0.75, 2.25], "rotation": 90, "texture": "#4"},
				"up": {"uv": [2.25, 1.25, 0, 0], "rotation": 90, "texture": "#4"},
				"down": {"uv": [2.25, 1.25, 0, 0], "rotation": 90, "texture": "#4"}
			}
		},
		{
			"from": [3.02965, 17.91982, 20.10844],
			"to": [7.02965, 24.91982, 25.10844],
			"rotation": {"angle": -22.5, "axis": "y", "origin": [3.00643, 5.91982, 25.1]},
			"faces": {
				"north": {"uv": [0, 0, 1.75, 1], "rotation": 90, "texture": "#0"},
				"east": {"uv": [0, 0, 1.75, 1.25], "rotation": 270, "texture": "#0"},
				"south": {"uv": [0, 0, 1.75, 1], "rotation": 90, "texture": "#0"},
				"west": {"uv": [0, 0, 1.75, 1.25], "rotation": 90, "texture": "#0"},
				"up": {"uv": [1, 1.25, 0, 0], "texture": "#0"},
				"down": {"uv": [1, 1.25, 0, 0], "rotation": 180, "texture": "#0"}
			}
		},
		{
			"from": [3.02965, 12.91982, 20.10844],
			"to": [7.02965, 17.91982, 25.10844],
			"rotation": {"angle": -22.5, "axis": "y", "origin": [3.00643, 5.91982, 25.1]},
			"faces": {
				"north": {"uv": [0, 0, 1.25, 1], "rotation": 90, "texture": "#1"},
				"east": {"uv": [0, 0, 1.25, 1.25], "rotation": 270, "texture": "#1"},
				"south": {"uv": [0, 0, 1.25, 1], "rotation": 90, "texture": "#1"},
				"west": {"uv": [0, 0, 1.25, 1.25], "rotation": 90, "texture": "#1"},
				"up": {"uv": [1, 1.25, 0, 0], "texture": "#1"},
				"down": {"uv": [1, 1.25, 0, 0], "rotation": 180, "texture": "#1"}
			}
		},
		{
			"from": [3.02965, 5.91982, 20.10844],
			"to": [7.02965, 12.91982, 25.10844],
			"rotation": {"angle": -22.5, "axis": "y", "origin": [3.00643, 5.91982, 25.1]},
			"faces": {
				"north": {"uv": [0, 0, 1.75, 1], "rotation": 90, "texture": "#4"},
				"east": {"uv": [0, 0, 1.75, 1.25], "rotation": 270, "texture": "#4"},
				"south": {"uv": [0, 0, 1.75, 1], "rotation": 90, "texture": "#4"},
				"west": {"uv": [0, 0, 1.75, 1.25], "rotation": 90, "texture": "#4"},
				"up": {"uv": [1, 1.25, 0, 0], "texture": "#4"},
				"down": {"uv": [1, 1.25, 0, 0], "rotation": 180, "texture": "#4"}
			}
		},
		{
			"from": [3.02965, 1.91982, 20.10844],
			"to": [7.02965, 5.91982, 23.10844],
			"rotation": {"angle": -22.5, "axis": "y", "origin": [3.00643, 5.91982, 25.1]},
			"faces": {
				"north": {"uv": [0, 0, 1, 1], "rotation": 90, "texture": "#4"},
				"east": {"uv": [0, 0, 1, 0.75], "rotation": 270, "texture": "#4"},
				"south": {"uv": [0, 0, 1, 1], "rotation": 90, "texture": "#4"},
				"west": {"uv": [0, 0, 1, 0.75], "rotation": 90, "texture": "#4"},
				"up": {"uv": [1, 0.75, 0, 0], "texture": "#4"},
				"down": {"uv": [1, 0.75, 0, 0], "rotation": 180, "texture": "#4"}
			}
		},
		{
			"from": [8.97035, 1.91982, 20.10844],
			"to": [12.97035, 5.91982, 23.10844],
			"rotation": {"angle": 22.5, "axis": "y", "origin": [12.99357, 5.91982, 25.1]},
			"faces": {
				"north": {"uv": [0, 1, 1, 0], "rotation": 90, "texture": "#4"},
				"east": {"uv": [0, 0.75, 1, 0], "rotation": 90, "texture": "#4"},
				"south": {"uv": [0, 1, 1, 0], "rotation": 90, "texture": "#4"},
				"west": {"uv": [0, 0.75, 1, 0], "rotation": 270, "texture": "#4"},
				"up": {"uv": [0, 0.75, 1, 0], "texture": "#4"},
				"down": {"uv": [0, 0.75, 1, 0], "rotation": 180, "texture": "#4"}
			}
		},
		{
			"from": [3.02965, -2.08018, 20.10844],
			"to": [7.02965, 1.91982, 22.10844],
			"rotation": {"angle": -22.5, "axis": "y", "origin": [3.00643, 1.91982, 25.1]},
			"faces": {
				"north": {"uv": [0, 0, 1, 1], "rotation": 90, "texture": "#4"},
				"east": {"uv": [0, 0, 1, 0.5], "rotation": 270, "texture": "#4"},
				"south": {"uv": [0, 0, 1, 1], "rotation": 90, "texture": "#4"},
				"west": {"uv": [0, 0, 1, 0.5], "rotation": 90, "texture": "#4"},
				"up": {"uv": [1, 0.5, 0, 0], "texture": "#4"},
				"down": {"uv": [1, 0.5, 0, 0], "rotation": 180, "texture": "#4"}
			}
		},
		{
			"from": [8.97035, -2.08018, 20.10844],
			"to": [12.97035, 1.91982, 22.10844],
			"rotation": {"angle": 22.5, "axis": "y", "origin": [12.99357, 1.91982, 25.1]},
			"faces": {
				"north": {"uv": [0, 1, 1, 0], "rotation": 90, "texture": "#4"},
				"east": {"uv": [0, 0.5, 1, 0], "rotation": 90, "texture": "#4"},
				"south": {"uv": [0, 1, 1, 0], "rotation": 90, "texture": "#4"},
				"west": {"uv": [0, 0.5, 1, 0], "rotation": 270, "texture": "#4"},
				"up": {"uv": [0, 0.5, 1, 0], "texture": "#4"},
				"down": {"uv": [0, 0.5, 1, 0], "rotation": 180, "texture": "#4"}
			}
		},
		{
			"from": [3.02965, -6.08018, 20.10844],
			"to": [7.02965, -2.08018, 21.10844],
			"rotation": {"angle": -22.5, "axis": "y", "origin": [3.00643, -2.08018, 25.1]},
			"faces": {
				"north": {"uv": [0, 0, 1, 1], "rotation": 90, "texture": "#4"},
				"east": {"uv": [0, 0, 1, 0.25], "rotation": 270, "texture": "#4"},
				"south": {"uv": [0, 0, 1, 1], "rotation": 90, "texture": "#4"},
				"west": {"uv": [0, 0, 1, 0.25], "rotation": 90, "texture": "#4"},
				"up": {"uv": [1, 0.25, 0, 0], "texture": "#4"},
				"down": {"uv": [1, 0.25, 0, 0], "rotation": 180, "texture": "#4"}
			}
		},
		{
			"from": [8.97035, -6.08018, 20.10844],
			"to": [12.97035, -2.08018, 21.10844],
			"rotation": {"angle": 22.5, "axis": "y", "origin": [12.99357, -2.08018, 25.1]},
			"faces": {
				"north": {"uv": [0, 1, 1, 0], "rotation": 90, "texture": "#4"},
				"east": {"uv": [0, 0.25, 1, 0], "rotation": 90, "texture": "#4"},
				"south": {"uv": [0, 1, 1, 0], "rotation": 90, "texture": "#4"},
				"west": {"uv": [0, 0.25, 1, 0], "rotation": 270, "texture": "#4"},
				"up": {"uv": [0, 0.25, 1, 0], "texture": "#4"},
				"down": {"uv": [0, 0.25, 1, 0], "rotation": 180, "texture": "#4"}
			}
		},
		{
			"from": [6.73727, 5.91982, 21.63855],
			"to": [9.33727, 12.91982, 26.63855],
			"rotation": {"angle": 0, "axis": "y", "origin": [6.70643, 5.91982, 26.6]},
			"faces": {
				"north": {"uv": [0, 0, 1.75, 0.65], "rotation": 90, "texture": "#4"},
				"east": {"uv": [0, 0, 1.75, 1.25], "rotation": 270, "texture": "#4"},
				"south": {"uv": [0, 0, 1.75, 0.65], "rotation": 90, "texture": "#4"},
				"west": {"uv": [0, 0, 1.75, 1.25], "rotation": 90, "texture": "#4"},
				"up": {"uv": [0.65, 1.25, 0, 0], "texture": "#4"},
				"down": {"uv": [0.65, 1.25, 0, 0], "rotation": 180, "texture": "#4"}
			}
		},
		{
			"from": [6.73727, 12.91982, 21.63855],
			"to": [9.33727, 17.91982, 26.63855],
			"rotation": {"angle": 0, "axis": "y", "origin": [6.70643, 5.91982, 26.6]},
			"faces": {
				"north": {"uv": [0, 0, 1.25, 0.65], "rotation": 90, "texture": "#1"},
				"east": {"uv": [0, 0, 1.25, 1.25], "rotation": 270, "texture": "#1"},
				"south": {"uv": [0, 0, 1.25, 0.65], "rotation": 90, "texture": "#1"},
				"west": {"uv": [0, 0, 1.25, 1.25], "rotation": 90, "texture": "#1"},
				"up": {"uv": [0.65, 1.25, 0, 0], "texture": "#1"},
				"down": {"uv": [0.65, 1.25, 0, 0], "rotation": 180, "texture": "#1"}
			}
		},
		{
			"from": [6.73727, 17.91982, 21.63855],
			"to": [9.33727, 24.91982, 26.63855],
			"rotation": {"angle": 0, "axis": "y", "origin": [6.70643, 5.91982, 26.6]},
			"faces": {
				"north": {"uv": [0, 0, 1.75, 0.65], "rotation": 90, "texture": "#0"},
				"east": {"uv": [0, 0, 1.75, 1.25], "rotation": 270, "texture": "#0"},
				"south": {"uv": [0, 0, 1.75, 0.65], "rotation": 90, "texture": "#0"},
				"west": {"uv": [0, 0, 1.75, 1.25], "rotation": 90, "texture": "#0"},
				"up": {"uv": [0.65, 1.25, 0, 0], "texture": "#0"},
				"down": {"uv": [0.65, 1.25, 0, 0], "rotation": 180, "texture": "#0"}
			}
		},
		{
			"from": [6.73727, -1.08018, 21.63855],
			"to": [9.33727, 5.91982, 32],
			"rotation": {"angle": 45, "axis": "x", "origin": [9.3564, 5.91982, 32]},
			"faces": {
				"north": {"uv": [0, 0, 1.75, 0.65], "rotation": 90, "texture": "#4"},
				"east": {"uv": [0, 0, 1.75, 0.75], "rotation": 270, "texture": "#4"},
				"south": {"uv": [0, 0, 1.75, 0.65], "rotation": 90, "texture": "#4"},
				"west": {"uv": [0, 0, 1.75, 0.75], "rotation": 90, "texture": "#4"},
				"up": {"uv": [0.65, 0.75, 0, 0], "texture": "#4"},
				"down": {"uv": [0.65, 0.75, 0, 0], "rotation": 180, "texture": "#4"}
			}
		},
		{
			"from": [6.73727, -1.08018, 21.63855],
			"to": [9.33727, 5.91982, 32],
			"rotation": {"angle": 0, "axis": "y", "origin": [21.73181, -0.73282, 16]},
			"faces": {
				"north": {"uv": [0, 0, 1.75, 0.65], "rotation": 90, "texture": "#4"},
				"east": {"uv": [0, 0, 1.75, 0.75], "rotation": 270, "texture": "#4"},
				"south": {"uv": [0, 0, 1.75, 0.65], "rotation": 90, "texture": "#4"},
				"west": {"uv": [0, 0, 1.75, 0.75], "rotation": 90, "texture": "#4"},
				"up": {"uv": [0.65, 0.75, 0, 0], "texture": "#4"},
				"down": {"uv": [0.65, 0.75, 0, 0], "rotation": 180, "texture": "#4"}
			}
		},
		{
			"from": [6.73727, -6.08018, 19.63855],
			"to": [9.33727, -1.08018, 23.63855],
			"rotation": {"angle": 0, "axis": "y", "origin": [6.70643, 5.91982, 26.6]},
			"faces": {
				"north": {"uv": [0, 0, 1.25, 0.65], "rotation": 90, "texture": "#4"},
				"east": {"uv": [0, 0, 1.25, 1], "rotation": 270, "texture": "#4"},
				"south": {"uv": [0, 0, 1.25, 0.65], "rotation": 90, "texture": "#4"},
				"west": {"uv": [0, 0, 1.25, 1], "rotation": 90, "texture": "#4"},
				"up": {"uv": [0.65, 1, 0, 0], "texture": "#4"},
				"down": {"uv": [0.65, 1, 0, 0], "rotation": 180, "texture": "#4"}
			}
		},
		{
			"from": [6.73727, -11.08018, 13.63855],
			"to": [9.33727, -6.08018, 17.63855],
			"rotation": {"angle": 0, "axis": "y", "origin": [6.70643, 5.91982, 26.6]},
			"faces": {
				"north": {"uv": [0, 0, 1.25, 0.65], "rotation": 90, "texture": "#4"},
				"east": {"uv": [0, 0, 1.25, 1], "rotation": 270, "texture": "#4"},
				"south": {"uv": [0, 0, 1.25, 0.65], "rotation": 90, "texture": "#4"},
				"west": {"uv": [0, 0, 1.25, 1], "rotation": 90, "texture": "#4"},
				"up": {"uv": [0.65, 1, 0, 0], "texture": "#4"},
				"down": {"uv": [0.65, 1, 0, 0], "rotation": 180, "texture": "#4"}
			}
		},
		{
			"from": [6.98727, -10.83018, 17.63855],
			"to": [9.08727, -8.33018, 26.63855],
			"rotation": {"angle": 0, "axis": "y", "origin": [6.70643, 5.91982, 26.6]},
			"faces": {
				"north": {"uv": [0, 0, 0.625, 0.525], "rotation": 90, "texture": "#4"},
				"east": {"uv": [0, 0, 0.625, 2.25], "rotation": 270, "texture": "#4"},
				"south": {"uv": [0, 0, 0.625, 0.525], "rotation": 90, "texture": "#4"},
				"west": {"uv": [0, 0, 0.625, 2.25], "rotation": 90, "texture": "#4"},
				"up": {"uv": [0.525, 2.25, 0, 0], "texture": "#4"},
				"down": {"uv": [0.525, 2.25, 0, 0], "rotation": 180, "texture": "#4"}
			}
		},
		{
			"from": [1.73727, -11.08018, 24.63855],
			"to": [14.33727, -8.08018, 25.63855],
			"rotation": {"angle": 0, "axis": "y", "origin": [6.70643, 5.91982, 26.6]},
			"faces": {
				"north": {"uv": [0, 0, 0.75, 3.15], "rotation": 90, "texture": "#0"},
				"east": {"uv": [0, 0, 0.75, 0.25], "rotation": 270, "texture": "#0"},
				"south": {"uv": [0, 0, 0.75, 3.15], "rotation": 90, "texture": "#0"},
				"west": {"uv": [0, 0, 0.75, 0.25], "rotation": 90, "texture": "#0"},
				"up": {"uv": [3.15, 0.25, 0, 0], "texture": "#0"},
				"down": {"uv": [3.15, 0.25, 0, 0], "rotation": 180, "texture": "#0"}
			}
		},
		{
			"from": [6.53727, -15.88018, 24.63855],
			"to": [9.53727, -3.28018, 25.63855],
			"rotation": {"angle": 0, "axis": "z", "origin": [8.03727, -9.58018, 25.13855]},
			"faces": {
				"north": {"uv": [0, 0, 0.75, 3.15], "texture": "#0"},
				"east": {"uv": [3.15, 0.25, 0, 0], "rotation": 90, "texture": "#0"},
				"south": {"uv": [0, 0, 0.75, 3.15], "rotation": 180, "texture": "#0"},
				"west": {"uv": [3.15, 0.25, 0, 0], "rotation": 270, "texture": "#0"},
				"up": {"uv": [0, 0, 0.75, 0.25], "rotation": 180, "texture": "#0"},
				"down": {"uv": [0, 0, 0.75, 0.25], "texture": "#0"}
			}
		},
		{
			"from": [-3.1313, 17.91982, 18.72063],
			"to": [1.8687, 24.91982, 27.72063],
			"rotation": {"angle": 45, "axis": "y", "origin": [-3.19357, 5.91982, 19]},
			"faces": {
				"north": {"uv": [0, 0, 1.75, 1.25], "rotation": 90, "texture": "#0"},
				"east": {"uv": [0, 0, 1.75, 2.25], "rotation": 90, "texture": "#0"},
				"south": {"uv": [0, 0, 1.75, 1.25], "rotation": 270, "texture": "#0"},
				"west": {"uv": [0, 0, 1.75, 2.25], "rotation": 90, "texture": "#0"},
				"up": {"uv": [2.25, 1.25, 0, 0], "rotation": 90, "texture": "#0"},
				"down": {"uv": [2.25, 1.25, 0, 0], "rotation": 90, "texture": "#0"}
			}
		},
		{
			"from": [-3.1313, 5.91982, 18.72063],
			"to": [1.8687, 12.91982, 27.72063],
			"rotation": {"angle": 45, "axis": "y", "origin": [-3.19357, 5.91982, 19]},
			"faces": {
				"north": {"uv": [0, 0, 1.75, 1.25], "rotation": 90, "texture": "#4"},
				"east": {"uv": [0, 0, 1.75, 2.25], "rotation": 90, "texture": "#4"},
				"south": {"uv": [0, 0, 1.75, 1.25], "rotation": 270, "texture": "#4"},
				"west": {"uv": [0, 0, 1.75, 2.25], "rotation": 90, "texture": "#4"},
				"up": {"uv": [2.25, 1.25, 0, 0], "rotation": 90, "texture": "#4"},
				"down": {"uv": [2.25, 1.25, 0, 0], "rotation": 90, "texture": "#4"}
			}
		},
		{
			"from": [-3.1313, 12.91982, 18.72063],
			"to": [1.8687, 17.91982, 27.72063],
			"rotation": {"angle": 45, "axis": "y", "origin": [-3.19357, 5.91982, 19]},
			"faces": {
				"north": {"uv": [0, 0, 1.25, 1.25], "rotation": 90, "texture": "#1"},
				"east": {"uv": [0, 0, 1.25, 2.25], "rotation": 90, "texture": "#1"},
				"south": {"uv": [0, 0, 1.25, 1.25], "rotation": 270, "texture": "#1"},
				"west": {"uv": [0, 0, 1.25, 2.25], "rotation": 90, "texture": "#1"},
				"up": {"uv": [2.25, 1.25, 0, 0], "rotation": 90, "texture": "#1"},
				"down": {"uv": [2.25, 1.25, 0, 0], "rotation": 90, "texture": "#1"}
			}
		},
		{
			"from": [-15.98405, 5.91982, -12],
			"to": [-10.98405, 12.91982, 21.5],
			"rotation": {"angle": 22.5, "axis": "y", "origin": [-16.19357, 5.91982, -12]},
			"faces": {
				"north": {"uv": [0, 0, 1.75, 1.25], "rotation": 90, "texture": "#4"},
				"east": {"uv": [0, 0, 1.75, 8.375], "rotation": 90, "texture": "#4"},
				"south": {"uv": [0, 0, 1.75, 1.25], "rotation": 270, "texture": "#4"},
				"west": {"uv": [0, 0, 1.75, 8.375], "rotation": 90, "texture": "#4"},
				"up": {"uv": [8.375, 1.25, 0, 0], "rotation": 90, "texture": "#4"},
				"down": {"uv": [8.375, 1.25, 0, 0], "rotation": 90, "texture": "#4"}
			}
		},
		{
			"from": [-15.98405, 12.91982, -12],
			"to": [-10.98405, 17.91982, 21.5],
			"rotation": {"angle": 22.5, "axis": "y", "origin": [-16.19357, 5.91982, -12]},
			"faces": {
				"north": {"uv": [0, 0, 1.25, 1.25], "rotation": 90, "texture": "#1"},
				"east": {"uv": [0, 0, 1.25, 8.375], "rotation": 90, "texture": "#1"},
				"south": {"uv": [0, 0, 1.25, 1.25], "rotation": 270, "texture": "#1"},
				"west": {"uv": [0, 0, 1.25, 8.375], "rotation": 90, "texture": "#1"},
				"up": {"uv": [8.375, 1.25, 0, 0], "rotation": 90, "texture": "#1"},
				"down": {"uv": [8.375, 1.25, 0, 0], "rotation": 90, "texture": "#1"}
			}
		},
		{
			"from": [-15.98405, 17.91982, -12],
			"to": [-10.98405, 24.91982, 21.5],
			"rotation": {"angle": 22.5, "axis": "y", "origin": [-16.19357, 5.91982, -12]},
			"faces": {
				"north": {"uv": [0, 0, 1.75, 1.25], "rotation": 90, "texture": "#0"},
				"east": {"uv": [0, 0, 1.75, 8.375], "rotation": 90, "texture": "#0"},
				"south": {"uv": [0, 0, 1.75, 1.25], "rotation": 270, "texture": "#0"},
				"west": {"uv": [0, 0, 1.75, 8.375], "rotation": 90, "texture": "#0"},
				"up": {"uv": [8.375, 1.25, 0, 0], "rotation": 90, "texture": "#0"},
				"down": {"uv": [8.375, 1.25, 0, 0], "rotation": 90, "texture": "#0"}
			}
		},
		{
			"from": [8.97035, 17.91982, 20.10844],
			"to": [12.97035, 24.91982, 25.10844],
			"rotation": {"angle": 22.5, "axis": "y", "origin": [12.99357, 5.91982, 25.1]},
			"faces": {
				"north": {"uv": [0, 1, 1.75, 0], "rotation": 90, "texture": "#0"},
				"east": {"uv": [0, 1.25, 1.75, 0], "rotation": 90, "texture": "#0"},
				"south": {"uv": [0, 1, 1.75, 0], "rotation": 90, "texture": "#0"},
				"west": {"uv": [0, 1.25, 1.75, 0], "rotation": 270, "texture": "#0"},
				"up": {"uv": [0, 1.25, 1, 0], "texture": "#0"},
				"down": {"uv": [0, 1.25, 1, 0], "rotation": 180, "texture": "#0"}
			}
		},
		{
			"from": [8.97035, 12.91982, 20.10844],
			"to": [12.97035, 17.91982, 25.10844],
			"rotation": {"angle": 22.5, "axis": "y", "origin": [12.99357, 5.91982, 25.1]},
			"faces": {
				"north": {"uv": [0, 1, 1.25, 0], "rotation": 90, "texture": "#1"},
				"east": {"uv": [0, 1.25, 1.25, 0], "rotation": 90, "texture": "#1"},
				"south": {"uv": [0, 1, 1.25, 0], "rotation": 90, "texture": "#1"},
				"west": {"uv": [0, 1.25, 1.25, 0], "rotation": 270, "texture": "#1"},
				"up": {"uv": [0, 1.25, 1, 0], "texture": "#1"},
				"down": {"uv": [0, 1.25, 1, 0], "rotation": 180, "texture": "#1"}
			}
		},
		{
			"from": [8.97035, 5.91982, 20.10844],
			"to": [12.97035, 12.91982, 25.10844],
			"rotation": {"angle": 22.5, "axis": "y", "origin": [12.99357, 5.91982, 25.1]},
			"faces": {
				"north": {"uv": [0, 1, 1.75, 0], "rotation": 90, "texture": "#4"},
				"east": {"uv": [0, 1.25, 1.75, 0], "rotation": 90, "texture": "#4"},
				"south": {"uv": [0, 1, 1.75, 0], "rotation": 90, "texture": "#4"},
				"west": {"uv": [0, 1.25, 1.75, 0], "rotation": 270, "texture": "#4"},
				"up": {"uv": [0, 1.25, 1, 0], "texture": "#4"},
				"down": {"uv": [0, 1.25, 1, 0], "rotation": 180, "texture": "#4"}
			}
		},
		{
			"from": [14.1313, 5.91982, 18.72063],
			"to": [19.1313, 12.91982, 27.72063],
			"rotation": {"angle": -45, "axis": "y", "origin": [19.19357, 5.91982, 19]},
			"faces": {
				"north": {"uv": [0, 1.25, 1.75, 0], "rotation": 90, "texture": "#4"},
				"east": {"uv": [0, 2.25, 1.75, 0], "rotation": 90, "texture": "#4"},
				"south": {"uv": [0, 1.25, 1.75, 0], "rotation": 270, "texture": "#4"},
				"west": {"uv": [0, 2.25, 1.75, 0], "rotation": 90, "texture": "#4"},
				"up": {"uv": [2.25, 0, 0, 1.25], "rotation": 90, "texture": "#4"},
				"down": {"uv": [2.25, 0, 0, 1.25], "rotation": 90, "texture": "#4"}
			}
		},
		{
			"from": [14.1313, 12.91982, 18.72063],
			"to": [19.1313, 17.91982, 27.72063],
			"rotation": {"angle": -45, "axis": "y", "origin": [19.19357, 5.91982, 19]},
			"faces": {
				"north": {"uv": [0, 1.25, 1.25, 0], "rotation": 90, "texture": "#1"},
				"east": {"uv": [0, 2.25, 1.25, 0], "rotation": 90, "texture": "#1"},
				"south": {"uv": [0, 1.25, 1.25, 0], "rotation": 270, "texture": "#1"},
				"west": {"uv": [0, 2.25, 1.25, 0], "rotation": 90, "texture": "#1"},
				"up": {"uv": [2.25, 0, 0, 1.25], "rotation": 90, "texture": "#1"},
				"down": {"uv": [2.25, 0, 0, 1.25], "rotation": 90, "texture": "#1"}
			}
		},
		{
			"from": [14.1313, 17.91982, 18.72063],
			"to": [19.1313, 24.91982, 27.72063],
			"rotation": {"angle": -45, "axis": "y", "origin": [19.19357, 5.91982, 19]},
			"faces": {
				"north": {"uv": [0, 1.25, 1.75, 0], "rotation": 90, "texture": "#0"},
				"east": {"uv": [0, 2.25, 1.75, 0], "rotation": 90, "texture": "#0"},
				"south": {"uv": [0, 1.25, 1.75, 0], "rotation": 270, "texture": "#0"},
				"west": {"uv": [0, 2.25, 1.75, 0], "rotation": 90, "texture": "#0"},
				"up": {"uv": [2.25, 0, 0, 1.25], "rotation": 90, "texture": "#0"},
				"down": {"uv": [2.25, 0, 0, 1.25], "rotation": 90, "texture": "#0"}
			}
		},
		{
			"from": [26.98405, 17.91982, -12],
			"to": [31.98405, 24.91982, 21.5],
			"rotation": {"angle": -22.5, "axis": "y", "origin": [32.19357, 5.91982, -12]},
			"faces": {
				"north": {"uv": [0, 1.25, 1.75, 0], "rotation": 90, "texture": "#0"},
				"east": {"uv": [0, 8.375, 1.75, 0], "rotation": 90, "texture": "#0"},
				"south": {"uv": [0, 1.25, 1.75, 0], "rotation": 270, "texture": "#0"},
				"west": {"uv": [0, 8.375, 1.75, 0], "rotation": 90, "texture": "#0"},
				"up": {"uv": [8.375, 0, 0, 1.25], "rotation": 90, "texture": "#0"},
				"down": {"uv": [8.375, 0, 0, 1.25], "rotation": 90, "texture": "#0"}
			}
		},
		{
			"from": [26.98405, 12.91982, -12],
			"to": [31.98405, 17.91982, 21.5],
			"rotation": {"angle": -22.5, "axis": "y", "origin": [32.19357, 5.91982, -12]},
			"faces": {
				"north": {"uv": [0, 1.25, 1.25, 0], "rotation": 90, "texture": "#1"},
				"east": {"uv": [0, 8.375, 1.25, 0], "rotation": 90, "texture": "#1"},
				"south": {"uv": [0, 1.25, 1.25, 0], "rotation": 270, "texture": "#1"},
				"west": {"uv": [0, 8.375, 1.25, 0], "rotation": 90, "texture": "#1"},
				"up": {"uv": [8.375, 0, 0, 1.25], "rotation": 90, "texture": "#1"},
				"down": {"uv": [8.375, 0, 0, 1.25], "rotation": 90, "texture": "#1"}
			}
		},
		{
			"from": [26.98405, 5.91982, -12],
			"to": [31.98405, 12.91982, 21.5],
			"rotation": {"angle": -22.5, "axis": "y", "origin": [32.19357, 5.91982, -12]},
			"faces": {
				"north": {"uv": [0, 1.25, 1.75, 0], "rotation": 90, "texture": "#4"},
				"east": {"uv": [0, 8.375, 1.75, 0], "rotation": 90, "texture": "#4"},
				"south": {"uv": [0, 1.25, 1.75, 0], "rotation": 270, "texture": "#4"},
				"west": {"uv": [0, 8.375, 1.75, 0], "rotation": 90, "texture": "#4"},
				"up": {"uv": [8.375, 0, 0, 1.25], "rotation": 90, "texture": "#4"},
				"down": {"uv": [8.375, 0, 0, 1.25], "rotation": 90, "texture": "#4"}
			}
		},
		{
			"from": [26.98405, 5.91982, -16],
			"to": [31.98405, 12.91982, -12],
			"rotation": {"angle": 0, "axis": "z", "origin": [32.19357, 5.91982, -16]},
			"faces": {
				"north": {"uv": [0, 1.25, 1.75, 0], "rotation": 90, "texture": "#4"},
				"east": {"uv": [0, 1, 1.75, 0], "rotation": 90, "texture": "#4"},
				"south": {"uv": [0, 1.25, 1.75, 0], "rotation": 270, "texture": "#4"},
				"west": {"uv": [0, 1, 1.75, 0], "rotation": 90, "texture": "#4"},
				"up": {"uv": [1, 0, 0, 1.25], "rotation": 90, "texture": "#4"},
				"down": {"uv": [1, 0, 0, 1.25], "rotation": 90, "texture": "#4"}
			}
		},
		{
			"from": [26.98405, 12.91982, -16],
			"to": [31.98405, 17.91982, -12],
			"rotation": {"angle": 0, "axis": "z", "origin": [32.19357, 5.91982, -16]},
			"faces": {
				"north": {"uv": [0, 1.25, 1.25, 0], "rotation": 90, "texture": "#1"},
				"east": {"uv": [0, 1, 1.25, 0], "rotation": 90, "texture": "#1"},
				"south": {"uv": [0, 1.25, 1.25, 0], "rotation": 270, "texture": "#1"},
				"west": {"uv": [0, 1, 1.25, 0], "rotation": 90, "texture": "#1"},
				"up": {"uv": [1, 0, 0, 1.25], "rotation": 90, "texture": "#1"},
				"down": {"uv": [1, 0, 0, 1.25], "rotation": 90, "texture": "#1"}
			}
		},
		{
			"from": [26.98405, 17.91982, -16],
			"to": [31.98405, 24.91982, -12],
			"rotation": {"angle": 0, "axis": "z", "origin": [32.19357, 5.91982, -16]},
			"faces": {
				"north": {"uv": [0, 1.25, 1.75, 0], "rotation": 90, "texture": "#0"},
				"east": {"uv": [0, 1, 1.75, 0], "rotation": 90, "texture": "#0"},
				"south": {"uv": [0, 1.25, 1.75, 0], "rotation": 270, "texture": "#0"},
				"west": {"uv": [0, 1, 1.75, 0], "rotation": 90, "texture": "#0"},
				"up": {"uv": [1, 0, 0, 1.25], "rotation": 90, "texture": "#0"},
				"down": {"uv": [1, 0, 0, 1.25], "rotation": 90, "texture": "#0"}
			}
		},
		{
			"from": [2.39454, -15.65264, -16],
			"to": [13.59454, -10.65264, -12],
			"rotation": {"angle": 0, "axis": "z", "origin": [12.39454, -15.65264, 32]},
			"faces": {
				"north": {"uv": [2.8, 0, 0, 1.25], "rotation": 180, "texture": "#4"},
				"east": {"uv": [1, 0, 0, 1.25], "rotation": 180, "texture": "#4"},
				"south": {"uv": [2.8, 0, 0, 1.25], "rotation": 180, "texture": "#4"},
				"west": {"uv": [1, 0, 0, 1.25], "rotation": 180, "texture": "#4"},
				"up": {"uv": [0, 1, 2.8, 0], "rotation": 180, "texture": "#4"},
				"down": {"uv": [0, 1, 2.8, 0], "rotation": 180, "texture": "#4"}
			}
		}
	],
	"display": {
		"thirdperson_righthand": {
			"rotation": [90, 0, 0],
			"translation": [-6, 0, -5],
			"scale": [4, 4, 4]
		},
		"head": {
			"translation": [0, -34, 0],
			"scale": [4, 4, 4]
		}
	},
	"groups": [
		{
			"name": "group",
			"origin": [12.39454, -6.65264, -16],
			"color": 0,
			"children": [
				{
					"name": "group",
					"origin": [12.39454, -6.65264, -16],
					"color": 0,
					"children": [0, 1, 2, 3, 4, 5, 6, 7, 8, 9, 10, 11, 12, 13, 14, 15, 16, 17, 18, 19, 20, 21, 22, 23, 24, 25, 26, 27, 28, 29, 30, 31, 32, 33, 34, 35, 36, 37, 38, 39, 40, 41, 42, 43, 44, 45, 46, 47, 48, 49, 50, 51, 52, 53, 54, 55, 56, 57, 58, 59, 60, 61, 62, 63, 64, 65, 66, 67, 68, 69, 70, 71, 72, 73, 74]
				}
			]
		}
	]
}