{
	"credit": "Made with Blockbench",
	"texture_size": [64, 64],
	"textures": {
		"0": "ship/iron_block",
		"1": "ship/cyan_terracotta",
		"particle": "ship/iron_block"
	},
	"elements": [
		{
			"from": [-5, -16, -2],
			"to": [21, -7, 18],
			"rotation": {"angle": 0, "axis": "y", "origin": [0, 6, -4]},
			"faces": {
				"north": {"uv": [0, 0, 6.5, 2.25], "texture": "#0"},
				"east": {"uv": [0, 0, 5, 2.25], "texture": "#0"},
				"south": {"uv": [0, 0, 6.5, 2.25], "texture": "#0"},
				"west": {"uv": [0, 0, 5, 2.25], "texture": "#0"},
				"up": {"uv": [0, 0, 6.5, 5], "texture": "#0"},
				"down": {"uv": [0, 0, 6.5, 5], "texture": "#0"}
			}
		},
		{
			"from": [-5, -7, 4],
			"to": [21, -1, 12],
			"rotation": {"angle": 0, "axis": "y", "origin": [0, 6, -4]},
			"faces": {
				"north": {"uv": [0, 0, 6.5, 1.5], "texture": "#0"},
				"east": {"uv": [0, 0, 2, 1.5], "texture": "#0"},
				"south": {"uv": [0, 0, 6.5, 1.5], "texture": "#0"},
				"west": {"uv": [0, 0, 2, 1.5], "texture": "#0"},
				"up": {"uv": [0, 0, 6.5, 2], "texture": "#0"},
				"down": {"uv": [0, 0, 6.5, 2], "texture": "#0"}
			}
		},
		{
			"from": [-4.99, -6, -4.5],
			"to": [20.99, -1, 4],
			"rotation": {"angle": -45, "axis": "x", "origin": [0, -1, 4]},
			"faces": {
				"north": {"uv": [0, 0, 6.495, 1.25], "texture": "#0"},
				"east": {"uv": [0, 0, 2.125, 1.25], "texture": "#0"},
				"south": {"uv": [0, 0, 6.495, 1.25], "texture": "#0"},
				"west": {"uv": [0, 0, 2.125, 1.25], "texture": "#0"},
				"up": {"uv": [0, 0, 6.495, 2.125], "texture": "#0"},
				"down": {"uv": [0, 0, 6.495, 2.125], "texture": "#0"}
			}
		},
		{
			"from": [-5, -6, 12],
			"to": [20.98, -1, 20.5],
			"rotation": {"angle": 45, "axis": "x", "origin": [-0.01, -1, 12]},
			"faces": {
				"north": {"uv": [6.495, 0, 0, 1.25], "texture": "#0"},
				"east": {"uv": [2.125, 0, 0, 1.25], "texture": "#0"},
				"south": {"uv": [6.495, 0, 0, 1.25], "texture": "#0"},
				"west": {"uv": [2.125, 0, 0, 1.25], "texture": "#0"},
				"up": {"uv": [0, 2.125, 6.495, 0], "texture": "#0"},
				"down": {"uv": [0, 2.125, 6.495, 0], "texture": "#0"}
			}
		},
		{
			"from": [-6.75, -16, 0.5],
			"to": [22.75, -9.25, 15.5],
			"rotation": {"angle": 0, "axis": "y", "origin": [7, 0.5, -1]},
			"faces": {
				"north": {"uv": [0, 0, 6.5, 2.25], "texture": "#1"},
				"east": {"uv": [0, 0, 5, 2.25], "texture": "#1"},
				"south": {"uv": [0, 0, 6.5, 2.25], "texture": "#1"},
				"west": {"uv": [0, 0, 5, 2.25], "texture": "#1"},
				"up": {"uv": [0, 0, 6.5, 5], "texture": "#1"},
				"down": {"uv": [0, 0, 6.5, 5], "texture": "#1"}
			}
		},
		{
			"from": [-6.75, -8.5, 11],
			"to": [22.735, -4.75, 17.375],
			"rotation": {"angle": 45, "axis": "x", "origin": [6.9925, -4.75, 11]},
			"faces": {
				"north": {"uv": [6.495, 0, 0, 1.25], "texture": "#1"},
				"east": {"uv": [2.125, 0, 0, 1.25], "texture": "#1"},
				"south": {"uv": [6.495, 0, 0, 1.25], "texture": "#1"},
				"west": {"uv": [2.125, 0, 0, 1.25], "texture": "#1"},
				"up": {"uv": [0, 2.125, 6.495, 0], "texture": "#1"},
				"down": {"uv": [0, 2.125, 6.495, 0], "texture": "#1"}
			}
		},
		{
			"from": [-6.75, -9.25, 5],
			"to": [22.75, -4.75, 11],
			"rotation": {"angle": 0, "axis": "y", "origin": [7, 0.5, -1]},
			"faces": {
				"north": {"uv": [0, 0, 6.5, 1.5], "texture": "#1"},
				"east": {"uv": [0, 0, 2, 1.5], "texture": "#1"},
				"south": {"uv": [0, 0, 6.5, 1.5], "texture": "#1"},
				"west": {"uv": [0, 0, 2, 1.5], "texture": "#1"},
				"up": {"uv": [0, 0, 6.5, 2], "texture": "#1"},
				"down": {"uv": [0, 0, 6.5, 2], "texture": "#1"}
			}
		},
		{
			"from": [-6.7425, -8.5, -1.375],
			"to": [22.7425, -4.75, 5],
			"rotation": {"angle": -45, "axis": "x", "origin": [7, -4.75, 5]},
			"faces": {
				"north": {"uv": [0, 0, 6.495, 1.25], "texture": "#1"},
				"east": {"uv": [0, 0, 2.125, 1.25], "texture": "#1"},
				"south": {"uv": [0, 0, 6.495, 1.25], "texture": "#1"},
				"west": {"uv": [0, 0, 2.125, 1.25], "texture": "#1"},
				"up": {"uv": [0, 0, 6.495, 2.125], "texture": "#1"},
				"down": {"uv": [0, 0, 6.495, 2.125], "texture": "#1"}
			}
		},
		{
			"from": [11.5, -1, -2.5],
			"to": [16.5, 0, 2.5],
			"rotation": {"angle": -45, "axis": "x", "origin": [0, -1, 4]},
			"faces": {
				"north": {"uv": [0, 0, 1.25, 0.25], "texture": "#1"},
				"east": {"uv": [0, 0, 1.25, 0.25], "texture": "#1"},
				"south": {"uv": [0, 0, 1.25, 0.25], "texture": "#1"},
				"west": {"uv": [0, 0, 1.25, 0.25], "texture": "#1"},
				"up": {"uv": [0, 0, 1.25, 1.25], "texture": "#1"},
				"down": {"uv": [0, 0, 1.25, 1.25], "texture": "#1"}
			}
		},
		{
			"from": [5.5, -1, -2.5],
			"to": [10.5, 0, 2.5],
			"rotation": {"angle": -45, "axis": "x", "origin": [0, -1, 4]},
			"faces": {
				"north": {"uv": [0, 0, 1.25, 0.25], "texture": "#1"},
				"east": {"uv": [0, 0, 1.25, 0.25], "texture": "#1"},
				"south": {"uv": [0, 0, 1.25, 0.25], "texture": "#1"},
				"west": {"uv": [0, 0, 1.25, 0.25], "texture": "#1"},
				"up": {"uv": [0, 0, 1.25, 1.25], "texture": "#1"},
				"down": {"uv": [0, 0, 1.25, 1.25], "texture": "#1"}
			}
		},
		{
			"from": [-0.5, -1, -2.5],
			"to": [4.5, 0, 2.5],
			"rotation": {"angle": -45, "axis": "x", "origin": [0, -1, 4]},
			"faces": {
				"north": {"uv": [0, 0, 1.25, 0.25], "texture": "#1"},
				"east": {"uv": [0, 0, 1.25, 0.25], "texture": "#1"},
				"south": {"uv": [0, 0, 1.25, 0.25], "texture": "#1"},
				"west": {"uv": [0, 0, 1.25, 0.25], "texture": "#1"},
				"up": {"uv": [0, 0, 1.25, 1.25], "texture": "#1"},
				"down": {"uv": [0, 0, 1.25, 1.25], "texture": "#1"}
			}
		},
		{
			"from": [0.75, -5.25, -9],
			"to": [3.25, -2.75, 3],
			"rotation": {"angle": 22.5, "axis": "x", "origin": [0, -1, 4]},
			"faces": {
				"north": {"uv": [0, 0, 0.625, 0.625], "rotation": 180, "texture": "#0"},
				"east": {"uv": [0, 0, 0.625, 3], "rotation": 90, "texture": "#0"},
				"south": {"uv": [0, 0, 0.625, 0.625], "texture": "#0"},
				"west": {"uv": [0, 0, 0.625, 3], "rotation": 270, "texture": "#0"},
				"up": {"uv": [0, 0, 0.625, 3], "texture": "#0"},
				"down": {"uv": [0, 0, 0.625, 3], "rotation": 180, "texture": "#0"}
			}
		},
		{
			"from": [6.75, -5.25, -9],
			"to": [9.25, -2.75, 3],
			"rotation": {"angle": 22.5, "axis": "x", "origin": [0, -1, 4]},
			"faces": {
				"north": {"uv": [0, 0, 0.625, 0.625], "rotation": 180, "texture": "#0"},
				"east": {"uv": [0, 0, 0.625, 3], "rotation": 90, "texture": "#0"},
				"south": {"uv": [0, 0, 0.625, 0.625], "texture": "#0"},
				"west": {"uv": [0, 0, 0.625, 3], "rotation": 270, "texture": "#0"},
				"up": {"uv": [0, 0, 0.625, 3], "texture": "#0"},
				"down": {"uv": [0, 0, 0.625, 3], "rotation": 180, "texture": "#0"}
			}
		},
		{
			"from": [12.75, -5.25, -9],
			"to": [15.25, -2.75, 3],
			"rotation": {"angle": 22.5, "axis": "x", "origin": [0, -1, 4]},
			"faces": {
				"north": {"uv": [0, 0, 0.625, 0.625], "rotation": 180, "texture": "#0"},
				"east": {"uv": [0, 0, 0.625, 3], "rotation": 90, "texture": "#0"},
				"south": {"uv": [0, 0, 0.625, 0.625], "texture": "#0"},
				"west": {"uv": [0, 0, 0.625, 3], "rotation": 270, "texture": "#0"},
				"up": {"uv": [0, 0, 0.625, 3], "texture": "#0"},
				"down": {"uv": [0, 0, 0.625, 3], "rotation": 180, "texture": "#0"}
			}
		},
		{
			"from": [12.5, -5.5, -10],
			"to": [15.5, -2.5, -9],
			"rotation": {"angle": 22.5, "axis": "x", "origin": [0, -1, 4]},
			"faces": {
				"north": {"uv": [0, 0, 0.75, 0.75], "rotation": 180, "texture": "#1"},
				"east": {"uv": [0, 0, 0.75, 0.25], "rotation": 90, "texture": "#1"},
				"south": {"uv": [0, 0, 0.75, 0.75], "texture": "#1"},
				"west": {"uv": [0, 0, 0.75, 0.25], "rotation": 270, "texture": "#1"},
				"up": {"uv": [0, 0, 0.75, 0.25], "texture": "#1"},
				"down": {"uv": [0, 0, 0.75, 0.25], "rotation": 180, "texture": "#1"}
			}
		},
		{
			"from": [6.5, -5.5, -10],
			"to": [9.5, -2.5, -9],
			"rotation": {"angle": 22.5, "axis": "x", "origin": [0, -1, 4]},
			"faces": {
				"north": {"uv": [0, 0, 0.75, 0.75], "rotation": 180, "texture": "#1"},
				"east": {"uv": [0, 0, 0.75, 0.25], "rotation": 90, "texture": "#1"},
				"south": {"uv": [0, 0, 0.75, 0.75], "texture": "#1"},
				"west": {"uv": [0, 0, 0.75, 0.25], "rotation": 270, "texture": "#1"},
				"up": {"uv": [0, 0, 0.75, 0.25], "texture": "#1"},
				"down": {"uv": [0, 0, 0.75, 0.25], "rotation": 180, "texture": "#1"}
			}
		},
		{
			"from": [0.5, -5.5, -10],
			"to": [3.5, -2.5, -9],
			"rotation": {"angle": 22.5, "axis": "x", "origin": [0, -1, 4]},
			"faces": {
				"north": {"uv": [0, 0, 0.75, 0.75], "rotation": 180, "texture": "#1"},
				"east": {"uv": [0, 0, 0.75, 0.25], "rotation": 90, "texture": "#1"},
				"south": {"uv": [0, 0, 0.75, 0.75], "texture": "#1"},
				"west": {"uv": [0, 0, 0.75, 0.25], "rotation": 270, "texture": "#1"},
				"up": {"uv": [0, 0, 0.75, 0.25], "texture": "#1"},
				"down": {"uv": [0, 0, 0.75, 0.25], "rotation": 180, "texture": "#1"}
			}
		}
	],
	"display": {
		"head": {
			"translation": [0, -34, 0],
			"scale": [4, 4, 4]
		}
	},
	"groups": [
		{
			"name": "group",
			"origin": [0, -1, 8],
			"color": 0,
			"children": [0, 1, 2, 3, 4, 5, 6, 7, 8, 9, 10, 11, 12, 13, 14, 15, 16]
		}
	]
}