{
	"credit": "Made with Blockbench",
	"textures": {
		"0": "ship/iron_block",
		"particle": "ship/iron_block"
	},
	"elements": [
		{
			"from": [-16, -16, -16],
			"to": [32, 32, 32],
			"faces": {
				"north": {"uv": [0, 0, 16, 16], "texture": "#0"},
				"east": {"uv": [0, 0, 16, 16], "texture": "#0"},
				"south": {"uv": [0, 0, 16, 16], "texture": "#0"},
				"west": {"uv": [0, 0, 16, 16], "texture": "#0"},
				"up": {"uv": [0, 0, 16, 16], "texture": "#0"},
				"down": {"uv": [0, 0, 16, 16], "texture": "#0"}
			}
		}
	],
	"display": {
		"head": {
			"translation": [0, -34, 0],
			"scale": [4, 4, 4]
		}
	}
}