{
	"credit": "Made with Blockbench",
	"texture_size": [64, 64],
	"textures": {
		"0": "ship/iron_block",
		"2": "ship/cyan_terracotta",
		"3": "ship/glass",
		"particle": "ship/iron_block"
	},
	"elements": [
		{
			"from": [-5.06506, 2.40141, 12.18292],
			"to": [24.60205, 5.69212, 18.76434],
			"rotation": {"angle": 0, "axis": "z", "origin": [-5.06506, 5.65141, 18.76434]},
			"faces": {
				"north": {"uv": [0, 0.82268, 5.36678, 0], "texture": "#2"},
				"east": {"uv": [0, 0.82268, 1.64536, 0], "texture": "#2"},
				"south": {"uv": [0, 0.82268, 5.36678, 0], "texture": "#2"},
				"west": {"uv": [0, 0.82268, 1.64536, 0], "texture": "#2"},
				"up": {"uv": [0, 1.64536, 5.36678, 0], "texture": "#2"},
				"down": {"uv": [0, 1.64536, 5.36678, 0], "texture": "#2"}
			}
		},
		{
			"from": [-5.44775, -15.85111, 12.18292],
			"to": [-2.15704, 5.616, 18.76434],
			"rotation": {"angle": -22.5, "axis": "z", "origin": [-5.06506, 4.69212, 26.76434]},
			"faces": {
				"north": {"uv": [0, 0.82268, 5.36678, 0], "rotation": 270, "texture": "#2"},
				"east": {"uv": [0, 1.64536, 5.36678, 0], "rotation": 90, "texture": "#2"},
				"south": {"uv": [0, 0.82268, 5.36678, 0], "rotation": 90, "texture": "#2"},
				"west": {"uv": [0, 1.64536, 5.36678, 0], "rotation": 90, "texture": "#2"},
				"up": {"uv": [0, 0.82268, 1.64536, 0], "rotation": 90, "texture": "#2"},
				"down": {"uv": [0, 0.82268, 1.64536, 0], "rotation": 90, "texture": "#2"}
			}
		},
		{
			"from": [27.8765, -15.78184, 12.18292],
			"to": [31.16721, 5.68527, 18.76434],
			"rotation": {"angle": 22.5, "axis": "z", "origin": [27.8765, -10.76829, 23.70041]},
			"faces": {
				"north": {"uv": [0, 0, 5.36678, 0.82268], "rotation": 270, "texture": "#2"},
				"east": {"uv": [0, 0, 5.36678, 1.64536], "rotation": 90, "texture": "#2"},
				"south": {"uv": [0, 0, 5.36678, 0.82268], "rotation": 90, "texture": "#2"},
				"west": {"uv": [0, 0, 5.36678, 1.64536], "rotation": 90, "texture": "#2"},
				"up": {"uv": [0, 0, 1.64536, 0.82268], "rotation": 90, "texture": "#2"},
				"down": {"uv": [0, 0, 1.64536, 0.82268], "rotation": 90, "texture": "#2"}
			}
		},
		{
			"from": [17.17865, -14.40357, 3.95613],
			"to": [27.8765, -2.54151, 23.14771],
			"rotation": {"angle": 0, "axis": "y", "origin": [31.16721, -12.41365, 99.38683]},
			"faces": {
				"north": {"uv": [0, 0, 2.67446, 2.96552], "texture": "#0"},
				"east": {"uv": [3.75, 0, 8.5479, 2.96552], "texture": "#0"},
				"south": {"uv": [0, 0, 2.67446, 2.96552], "texture": "#0"},
				"west": {"uv": [3.75, 0, 8.5479, 2.96552], "texture": "#0"},
				"up": {"uv": [0, 0, 2.67446, 4.7979], "texture": "#0"},
				"down": {"uv": [0, 0, 2.67446, 4.7979], "texture": "#0"}
			}
		},
		{
			"from": [-8.32135, -14.40357, 3.95613],
			"to": [2.2765, -2.54151, 23.14771],
			"rotation": {"angle": 0, "axis": "y", "origin": [31.16721, -12.41365, 99.38683]},
			"faces": {
				"north": {"uv": [0, 0, 2.64946, 2.96552], "texture": "#0"},
				"east": {"uv": [3.75, 0, 8.5479, 2.96552], "texture": "#0"},
				"south": {"uv": [0, 0, 2.64946, 2.96552], "texture": "#0"},
				"west": {"uv": [3.75, 0, 8.5479, 2.96552], "texture": "#0"},
				"up": {"uv": [0, 0, 2.64946, 4.7979], "texture": "#0"},
				"down": {"uv": [0, 0, 2.64946, 4.7979], "texture": "#0"}
			}
		},
		{
			"from": [18.00436, -14.40357, 3.95613],
			"to": [27.8765, -2.54151, 17.11899],
			"rotation": {"angle": -45, "axis": "y", "origin": [27.8765, -10.76829, 3.95613]},
			"faces": {
				"north": {"uv": [0, 0, 2.46804, 2.96552], "texture": "#0"},
				"east": {"uv": [0, 0, 3.29072, 2.96552], "texture": "#0"},
				"south": {"uv": [0, 0, 2.46804, 2.96552], "texture": "#0"},
				"west": {"uv": [0, 0, 3.29072, 2.96552], "texture": "#0"},
				"up": {"uv": [0, 0, 2.46804, 3.29072], "texture": "#0"},
				"down": {"uv": [0, 0, 2.46804, 3.29072], "texture": "#0"}
			}
		},
		{
			"from": [15.95977, -14.40357, -3.02453],
			"to": [20.89584, -2.54151, 6.84761],
			"rotation": {"angle": -22.5, "axis": "y", "origin": [20.89584, -10.76829, -3.02453]},
			"faces": {
				"north": {"uv": [0.25, 0, 1.48402, 2.96552], "texture": "#0"},
				"east": {"uv": [0, 0, 2.46804, 2.96552], "texture": "#0"},
				"south": {"uv": [0, 0, 1.23402, 2.96552], "texture": "#0"},
				"west": {"uv": [0, 0, 2.46804, 2.96552], "texture": "#0"},
				"up": {"uv": [0, 0, 2.46804, 1.23402], "rotation": 90, "texture": "#0"},
				"down": {"uv": [0, 0, 2.46804, 1.23402], "rotation": 270, "texture": "#0"}
			}
		},
		{
			"from": [3.21689, -14.40357, -4.9861],
			"to": [16.37974, -2.54151, 5.05058],
			"rotation": {"angle": 0, "axis": "y", "origin": [16.28884, -10.76829, -4.83442]},
			"faces": {
				"north": {"uv": [0.25, 0, 3.54071, 2.96552], "texture": "#0"},
				"east": {"uv": [0, 0, 2.50917, 2.96552], "texture": "#0"},
				"south": {"uv": [0, 0, 3.29071, 2.96552], "texture": "#0"},
				"west": {"uv": [0, 0, 2.50917, 2.96552], "texture": "#0"},
				"up": {"uv": [0, 0, 3.29071, 2.50917], "rotation": 180, "texture": "#0"},
				"down": {"uv": [0, 0, 3.29071, 2.50917], "rotation": 180, "texture": "#0"}
			}
		},
		{
			"from": [-1.34069, -14.40357, -3.02453],
			"to": [3.59538, -2.54151, 6.84761],
			"rotation": {"angle": 22.5, "axis": "y", "origin": [-1.34069, -10.76829, -3.02453]},
			"faces": {
				"north": {"uv": [1.48402, 0, 0.25, 2.96552], "texture": "#0"},
				"east": {"uv": [2.46804, 0, 0, 2.96552], "texture": "#0"},
				"south": {"uv": [1.23402, 0, 0, 2.96552], "texture": "#0"},
				"west": {"uv": [2.46804, 0, 0, 2.96552], "texture": "#0"},
				"up": {"uv": [0, 1.23402, 2.46804, 0], "rotation": 90, "texture": "#0"},
				"down": {"uv": [0, 1.23402, 2.46804, 0], "rotation": 270, "texture": "#0"}
			}
		},
		{
			"from": [-8.32135, -14.40357, 3.95613],
			"to": [1.55079, -2.54151, 17.11899],
			"rotation": {"angle": 45, "axis": "y", "origin": [-8.32135, -10.76829, 3.95613]},
			"faces": {
				"north": {"uv": [2.46804, 0, 0, 2.96552], "texture": "#0"},
				"east": {"uv": [3.29072, 0, 0, 2.96552], "texture": "#0"},
				"south": {"uv": [2.46804, 0, 0, 2.96552], "texture": "#0"},
				"west": {"uv": [3.29072, 0, 0, 2.96552], "texture": "#0"},
				"up": {"uv": [2.46804, 0, 0, 3.29072], "texture": "#0"},
				"down": {"uv": [2.46804, 0, 0, 3.29072], "texture": "#0"}
			}
		},
		{
			"from": [-4.70157, -4.08234, 5.10788],
			"to": [3.19615, 2.49909, 15.63816],
			"rotation": {"angle": 45, "axis": "y", "origin": [-4.70157, -4.08234, 5.10788]},
			"faces": {
				"north": {"uv": [1.97443, 0, 0, 1.64536], "texture": "#2"},
				"east": {"uv": [2.63257, 0, 0, 1.64536], "texture": "#2"},
				"south": {"uv": [1.97443, 0, 0, 1.64536], "texture": "#2"},
				"west": {"uv": [2.63257, 0, 0, 1.64536], "texture": "#2"},
				"up": {"uv": [1.97443, 0, 0, 2.63257], "texture": "#2"},
				"down": {"uv": [1.97443, 0, 0, 2.63257], "texture": "#2"}
			}
		},
		{
			"from": [0.88296, -4.08234, -0.47665],
			"to": [4.83182, 2.49909, 7.42107],
			"rotation": {"angle": 22.5, "axis": "y", "origin": [0.88296, -4.08234, -0.47665]},
			"faces": {
				"north": {"uv": [0.98722, 0, 0, 1.64536], "texture": "#2"},
				"east": {"uv": [1.97443, 0, 0, 1.64536], "texture": "#2"},
				"south": {"uv": [0.98722, 0, 0, 1.64536], "texture": "#2"},
				"west": {"uv": [1.97443, 0, 0, 1.64536], "texture": "#2"},
				"up": {"uv": [0, 0.98722, 1.97443, 0], "rotation": 90, "texture": "#2"},
				"down": {"uv": [0, 0.98722, 1.97443, 0], "rotation": 270, "texture": "#2"}
			}
		},
		{
			"from": [4.52903, -4.08234, -2.0459],
			"to": [15.05931, 2.49909, 5.98344],
			"rotation": {"angle": 0, "axis": "y", "origin": [14.98659, -4.08234, -1.92456]},
			"faces": {
				"north": {"uv": [0, 0, 2.63257, 1.64536], "texture": "#2"},
				"east": {"uv": [0, 0, 2.00734, 1.64536], "texture": "#2"},
				"south": {"uv": [0, 0, 2.63257, 1.64536], "texture": "#2"},
				"west": {"uv": [0, 0, 2.00734, 1.64536], "texture": "#2"},
				"up": {"uv": [0, 0, 2.63257, 2.00734], "rotation": 180, "texture": "#2"},
				"down": {"uv": [0, 0, 2.63257, 2.00734], "rotation": 180, "texture": "#2"}
			}
		},
		{
			"from": [14.72333, -4.08234, -0.47665],
			"to": [18.67219, 2.49909, 7.42107],
			"rotation": {"angle": -22.5, "axis": "y", "origin": [18.67219, -4.08234, -0.47665]},
			"faces": {
				"north": {"uv": [0, 0, 0.98722, 1.64536], "texture": "#2"},
				"east": {"uv": [0, 0, 1.97443, 1.64536], "texture": "#2"},
				"south": {"uv": [0, 0, 0.98722, 1.64536], "texture": "#2"},
				"west": {"uv": [0, 0, 1.97443, 1.64536], "texture": "#2"},
				"up": {"uv": [0, 0, 1.97443, 0.98722], "rotation": 90, "texture": "#2"},
				"down": {"uv": [0, 0, 1.97443, 0.98722], "rotation": 270, "texture": "#2"}
			}
		},
		{
			"from": [16.359, -4.08234, 5.10788],
			"to": [24.25671, 2.49909, 15.63816],
			"rotation": {"angle": -45, "axis": "y", "origin": [24.25671, -4.08234, 5.10788]},
			"faces": {
				"north": {"uv": [0, 0, 1.97443, 1.64536], "texture": "#2"},
				"east": {"uv": [0, 0, 2.63257, 1.64536], "texture": "#2"},
				"south": {"uv": [0, 0, 1.97443, 1.64536], "texture": "#2"},
				"west": {"uv": [0, 0, 2.63257, 1.64536], "texture": "#2"},
				"up": {"uv": [0, 0, 1.97443, 2.63257], "texture": "#2"},
				"down": {"uv": [0, 0, 1.97443, 2.63257], "texture": "#2"}
			}
		},
		{
			"from": [17.21936, -3.75327, 5.19015],
			"to": [24.58579, 4.47351, 23.12546],
			"rotation": {"angle": 0, "axis": "y", "origin": [31.16721, -13.62541, 99.38683]},
			"faces": {
				"north": {"uv": [3.75, 0, 5.59161, 2.0567], "texture": "#0"},
				"east": {"uv": [0, 0, 4.48383, 2.0567], "texture": "#0"},
				"south": {"uv": [0, 0, 1.84161, 2.0567], "texture": "#0"},
				"west": {"uv": [0, 0, 4.48383, 2.0567], "texture": "#0"},
				"up": {"uv": [0, 0, 1.84161, 4.48383], "texture": "#0"},
				"down": {"uv": [0, 0, 1.84161, 4.48383], "texture": "#0"}
			}
		},
		{
			"from": [-5.03064, -3.75327, 5.19015],
			"to": [2.28579, 4.47351, 23.12546],
			"rotation": {"angle": 0, "axis": "y", "origin": [31.16721, -13.62541, 99.38683]},
			"faces": {
				"north": {"uv": [3.75, 0, 5.57911, 2.0567], "texture": "#0"},
				"east": {"uv": [0, 0, 4.48383, 2.0567], "texture": "#0"},
				"south": {"uv": [0, 0, 1.82911, 2.0567], "texture": "#0"},
				"west": {"uv": [0, 0, 4.48383, 2.0567], "texture": "#0"},
				"up": {"uv": [0, 0, 1.82911, 4.48383], "texture": "#0"},
				"down": {"uv": [0, 0, 1.82911, 4.48383], "texture": "#0"}
			}
		},
		{
			"from": [2.26936, -3.75327, 5.19015],
			"to": [17.28579, 4.47351, 11.12546],
			"rotation": {"angle": 0, "axis": "y", "origin": [31.16721, -13.62541, 99.38683]},
			"faces": {
				"north": {"uv": [3.75, 0, 7.50411, 2.0567], "texture": "#0"},
				"east": {"uv": [0, 0, 1.48383, 2.0567], "texture": "#0"},
				"south": {"uv": [0, 0, 3.75411, 2.0567], "texture": "#0"},
				"west": {"uv": [0, 0, 1.48383, 2.0567], "texture": "#0"},
				"up": {"uv": [0, 0, 3.75411, 1.48383], "texture": "#0"},
				"down": {"uv": [0, 0, 3.75411, 1.48383], "texture": "#0"}
			}
		},
		{
			"from": [7.30954, 2.82816, 7.65818],
			"to": [12.24561, 9.28172, 12.59425],
			"rotation": {"angle": -22.5, "axis": "y", "origin": [9.77757, 5.29619, 19.99836]},
			"faces": {
				"north": {"uv": [0.25, 2.5, 1.48402, 4.11339], "texture": "#0"},
				"east": {"uv": [0, 0, 4.93607, 6.45356], "texture": "#0"},
				"south": {"uv": [0.5, 1, 1.73402, 2.61339], "texture": "#0"},
				"west": {"uv": [0, 0, 4.93607, 6.45356], "texture": "#0"},
				"up": {"uv": [0, 0, 4.93607, 4.93607], "rotation": 180, "texture": "#0"},
				"down": {"uv": [0, 0, 4.93607, 4.93607], "rotation": 180, "texture": "#0"}
			}
		},
		{
			"from": [7.30954, 2.82816, 7.65818],
			"to": [12.24561, 9.28172, 12.59425],
			"rotation": {"angle": 0, "axis": "y", "origin": [9.77757, 5.29619, 19.99836]},
			"faces": {
				"north": {"uv": [0.25, 2.5, 1.48402, 4.11339], "texture": "#0"},
				"east": {"uv": [0, 0, 4.93607, 6.45356], "texture": "#0"},
				"south": {"uv": [0.5, 1, 1.73402, 2.61339], "texture": "#0"},
				"west": {"uv": [0, 0, 4.93607, 6.45356], "texture": "#0"},
				"up": {"uv": [0, 0, 4.93607, 4.93607], "texture": "#0"},
				"down": {"uv": [0, 0, 4.93607, 4.93607], "texture": "#0"}
			}
		},
		{
			"from": [7.30954, 2.82816, 7.65818],
			"to": [12.24561, 9.28172, 12.59425],
			"rotation": {"angle": 22.5, "axis": "y", "origin": [9.77757, 5.29619, 19.99836]},
			"faces": {
				"north": {"uv": [0.25, 2.5, 1.48402, 4.11339], "texture": "#0"},
				"east": {"uv": [0, 0, 4.93607, 6.45356], "texture": "#0"},
				"south": {"uv": [0.5, 1, 1.73402, 2.61339], "texture": "#0"},
				"west": {"uv": [0, 0, 4.93607, 6.45356], "texture": "#0"},
				"up": {"uv": [0, 0, 4.93607, 4.93607], "texture": "#0"},
				"down": {"uv": [0, 0, 4.93607, 4.93607], "texture": "#0"}
			}
		},
		{
			"from": [7.30954, 9.27816, 7.65818],
			"to": [12.24561, 13.88172, 12.59425],
			"rotation": {"angle": -22.5, "axis": "y", "origin": [9.77757, 5.29619, 19.99836]},
			"faces": {
				"north": {"uv": [0, 0, 15, 16], "texture": "#3"},
				"east": {"uv": [8, 2, 13, 7], "texture": "#3"},
				"south": {"uv": [7, 2, 13, 11], "texture": "#3"},
				"west": {"uv": [7, 4, 11, 13], "texture": "#3"},
				"up": {"uv": [7, 4, 9, 10], "rotation": 180, "texture": "#3"},
				"down": {"uv": [8, 4, 13, 10], "rotation": 180, "texture": "#3"}
			}
		},
		{
			"from": [7.30954, 9.27816, 7.65818],
			"to": [12.24561, 13.88172, 12.59425],
			"rotation": {"angle": 0, "axis": "y", "origin": [9.77757, 5.29619, 19.99836]},
			"faces": {
				"north": {"uv": [1, 0, 15, 16], "texture": "#3"},
				"east": {"uv": [8, 2, 13, 7], "texture": "#3"},
				"south": {"uv": [7, 2, 13, 11], "texture": "#3"},
				"west": {"uv": [7, 4, 11, 13], "texture": "#3"},
				"up": {"uv": [7, 4, 9, 10], "texture": "#3"},
				"down": {"uv": [8, 4, 13, 10], "texture": "#3"}
			}
		},
		{
			"from": [7.30954, 9.27816, 7.65818],
			"to": [12.24561, 13.88172, 12.59425],
			"rotation": {"angle": 22.5, "axis": "y", "origin": [9.77757, 5.29619, 19.99836]},
			"faces": {
				"north": {"uv": [1, 0, 16, 16], "texture": "#3"},
				"east": {"uv": [8, 2, 13, 7], "texture": "#3"},
				"south": {"uv": [7, 2, 13, 11], "texture": "#3"},
				"west": {"uv": [7, 4, 11, 13], "texture": "#3"},
				"up": {"uv": [7, 4, 9, 10], "texture": "#3"},
				"down": {"uv": [8, 4, 13, 10], "texture": "#3"}
			}
		},
		{
			"from": [7.30954, 13.82816, 7.65818],
			"to": [12.24561, 19.53172, 12.59425],
			"rotation": {"angle": -22.5, "axis": "y", "origin": [9.77757, 5.29619, 19.99836]},
			"faces": {
				"north": {"uv": [0.5, 0, 1.73402, 1.36339], "texture": "#0"},
				"east": {"uv": [0, 0, 4.93607, 5.45356], "texture": "#0"},
				"south": {"uv": [0, 0, 1.23402, 1.36339], "texture": "#0"},
				"west": {"uv": [0, 0, 4.93607, 5.45356], "texture": "#0"},
				"up": {"uv": [0, 0, 4.93607, 4.93607], "rotation": 180, "texture": "#0"},
				"down": {"uv": [0, 0, 4.93607, 4.93607], "rotation": 180, "texture": "#0"}
			}
		},
		{
			"from": [7.30954, 13.82816, 7.65818],
			"to": [12.24561, 19.53172, 12.59425],
			"rotation": {"angle": 0, "axis": "y", "origin": [9.77757, 5.29619, 19.99836]},
			"faces": {
				"north": {"uv": [0.25, 0, 1.48402, 1.36339], "texture": "#0"},
				"east": {"uv": [0, 0, 4.93607, 5.45356], "texture": "#0"},
				"south": {"uv": [0, 0, 1.23402, 1.36339], "texture": "#0"},
				"west": {"uv": [0, 0, 4.93607, 5.45356], "texture": "#0"},
				"up": {"uv": [0, 0, 4.93607, 4.93607], "texture": "#0"},
				"down": {"uv": [0, 0, 4.93607, 4.93607], "texture": "#0"}
			}
		},
		{
			"from": [7.30954, 13.82816, 7.65818],
			"to": [12.24561, 19.53172, 12.59425],
			"rotation": {"angle": 22.5, "axis": "y", "origin": [9.77757, 5.29619, 19.99836]},
			"faces": {
				"north": {"uv": [0.25, 0, 1.48402, 1.36339], "texture": "#0"},
				"east": {"uv": [0, 0, 4.93607, 5.45356], "texture": "#0"},
				"south": {"uv": [0, 0, 1.23402, 1.36339], "texture": "#0"},
				"west": {"uv": [0, 0, 4.93607, 5.45356], "texture": "#0"},
				"up": {"uv": [0, 0, 4.93607, 4.93607], "texture": "#0"},
				"down": {"uv": [0, 0, 4.93607, 4.93607], "texture": "#0"}
			}
		},
		{
			"from": [7.30954, 2.82816, 7.65818],
			"to": [12.24561, 19.53172, 12.59425],
			"rotation": {"angle": 45, "axis": "y", "origin": [9.77757, 5.29619, 19.99836]},
			"faces": {
				"north": {"uv": [0.25, 0, 1.48402, 4.11339], "texture": "#0"},
				"east": {"uv": [0, 0, 1.23402, 4.11339], "texture": "#0"},
				"south": {"uv": [0, 0, 1.23402, 4.11339], "texture": "#0"},
				"west": {"uv": [0, 0, 1.23402, 4.11339], "texture": "#0"},
				"up": {"uv": [0, 0, 1.23402, 1.23402], "texture": "#0"},
				"down": {"uv": [0, 0, 1.23402, 1.23402], "texture": "#0"}
			}
		},
		{
			"from": [-2.5626, 2.82816, 17.53033],
			"to": [2.37347, 19.53172, 22.4664],
			"rotation": {"angle": -22.5, "axis": "y", "origin": [9.77757, 5.29619, 19.99836]},
			"faces": {
				"north": {"uv": [0, 0, 1.23402, 4.11339], "texture": "#0"},
				"east": {"uv": [0, 0, 1.23402, 4.11339], "texture": "#0"},
				"south": {"uv": [0, 0, 1.23402, 4.11339], "texture": "#0"},
				"west": {"uv": [0.25, 0, 1.48402, 4.11339], "texture": "#0"},
				"up": {"uv": [0, 0, 1.23402, 1.23402], "rotation": 270, "texture": "#0"},
				"down": {"uv": [0, 0, 1.23402, 1.23402], "rotation": 90, "texture": "#0"}
			}
		},
		{
			"from": [-2.5626, 2.82816, 17.53033],
			"to": [2.37347, 19.53172, 23.4664],
			"rotation": {"angle": 0, "axis": "y", "origin": [9.77757, 5.29619, 19.99836]},
			"faces": {
				"north": {"uv": [0, 0, 1.23402, 4.11339], "texture": "#0"},
				"east": {"uv": [0, 0, 1.23402, 4.11339], "texture": "#0"},
				"south": {"uv": [0, 0, 1.23402, 4.11339], "texture": "#0"},
				"west": {"uv": [2.75, 0, 3.98402, 4.11339], "texture": "#0"},
				"up": {"uv": [0, 0, 1.23402, 1.23402], "rotation": 270, "texture": "#0"},
				"down": {"uv": [0, 0, 1.23402, 1.23402], "rotation": 90, "texture": "#0"}
			}
		},
		{
			"from": [17.18168, 2.82816, 17.53033],
			"to": [22.11775, 19.53172, 23.4664],
			"rotation": {"angle": 0, "axis": "y", "origin": [9.77757, 5.29619, 19.99836]},
			"faces": {
				"north": {"uv": [0, 0, 1.23402, 4.11339], "texture": "#0"},
				"east": {"uv": [0, 0, 1.23402, 4.11339], "texture": "#0"},
				"south": {"uv": [0, 0, 1.23402, 4.11339], "texture": "#0"},
				"west": {"uv": [0, 0, 1.23402, 4.11339], "texture": "#0"},
				"up": {"uv": [0, 0, 1.23402, 1.23402], "rotation": 270, "texture": "#0"},
				"down": {"uv": [0, 0, 1.23402, 1.23402], "rotation": 90, "texture": "#0"}
			}
		},
		{
			"from": [17.18168, 2.82816, 17.53033],
			"to": [22.11775, 19.53172, 22.4664],
			"rotation": {"angle": 22.5, "axis": "y", "origin": [9.77757, 5.29619, 19.99836]},
			"faces": {
				"north": {"uv": [0, 0, 1.23402, 4.11339], "texture": "#0"},
				"east": {"uv": [0.5, 0, 1.73402, 4.11339], "texture": "#0"},
				"south": {"uv": [0, 0, 1.23402, 4.11339], "texture": "#0"},
				"west": {"uv": [0, 0, 1.23402, 4.11339], "texture": "#0"},
				"up": {"uv": [0, 0, 1.23402, 1.23402], "rotation": 270, "texture": "#0"},
				"down": {"uv": [0, 0, 1.23402, 1.23402], "rotation": 90, "texture": "#0"}
			}
		},
		{
			"from": [17.18168, 2.82816, 17.53033],
			"to": [22.11775, 19.53172, 22.4664],
			"rotation": {"angle": 45, "axis": "y", "origin": [9.77757, 5.29619, 19.99836]},
			"faces": {
				"north": {"uv": [0, 0, 1.23402, 4.11339], "texture": "#0"},
				"east": {"uv": [0.25, 0, 1.48402, 4.11339], "texture": "#0"},
				"south": {"uv": [0, 0, 1.23402, 4.11339], "texture": "#0"},
				"west": {"uv": [0, 0, 1.23402, 4.11339], "texture": "#0"},
				"up": {"uv": [0, 0, 1.23402, 1.23402], "rotation": 270, "texture": "#0"},
				"down": {"uv": [0, 0, 1.23402, 1.23402], "rotation": 90, "texture": "#0"}
			}
		},
		{
			"from": [7.92655, 19.48739, 11.15457],
			"to": [11.6286, 31.82757, 14.85662],
			"rotation": {"angle": -22.5, "axis": "y", "origin": [9.77757, 21.33842, 20.4097]},
			"faces": {
				"north": {"uv": [1.25, 0, 2.17551, 3.08505], "texture": "#0"},
				"east": {"uv": [0, 0, 0.92551, 3.08505], "texture": "#0"},
				"south": {"uv": [0, 0, 0.92551, 3.08505], "texture": "#0"},
				"west": {"uv": [0, 0, 0.92551, 3.08505], "texture": "#0"},
				"up": {"uv": [0, 0, 0.92551, 0.92551], "rotation": 180, "texture": "#0"},
				"down": {"uv": [0, 0, 0.92551, 0.92551], "rotation": 180, "texture": "#0"}
			}
		},
		{
			"from": [7.92655, 19.48739, 11.15457],
			"to": [11.6286, 31.82757, 14.85662],
			"rotation": {"angle": 0, "axis": "y", "origin": [9.77757, 21.33842, 20.4097]},
			"faces": {
				"north": {"uv": [1.75, 0, 2.67551, 3.08505], "texture": "#0"},
				"east": {"uv": [0, 0, 0.92551, 3.08505], "texture": "#0"},
				"south": {"uv": [0, 0, 0.92551, 3.08505], "texture": "#0"},
				"west": {"uv": [0, 0, 0.92551, 3.08505], "texture": "#0"},
				"up": {"uv": [0, 0, 0.92551, 0.92551], "texture": "#0"},
				"down": {"uv": [0, 0, 0.92551, 0.92551], "texture": "#0"}
			}
		},
		{
			"from": [7.92655, 19.48739, 11.15457],
			"to": [11.6286, 31.82757, 14.85662],
			"rotation": {"angle": 22.5, "axis": "y", "origin": [9.77757, 21.33842, 20.4097]},
			"faces": {
				"north": {"uv": [0.5, 0, 1.42551, 3.08505], "texture": "#0"},
				"east": {"uv": [0, 0, 0.92551, 3.08505], "texture": "#0"},
				"south": {"uv": [0, 0, 0.92551, 3.08505], "texture": "#0"},
				"west": {"uv": [0, 0, 0.92551, 3.08505], "texture": "#0"},
				"up": {"uv": [0, 0, 0.92551, 0.92551], "texture": "#0"},
				"down": {"uv": [0, 0, 0.92551, 0.92551], "texture": "#0"}
			}
		},
		{
			"from": [7.92655, 19.48739, 11.15457],
			"to": [11.6286, 31.82757, 14.85662],
			"rotation": {"angle": 45, "axis": "y", "origin": [9.77757, 21.33842, 20.4097]},
			"faces": {
				"north": {"uv": [0.75, 0, 1.67551, 3.08505], "texture": "#0"},
				"east": {"uv": [0, 0, 0.92551, 3.08505], "texture": "#0"},
				"south": {"uv": [0, 0, 0.92551, 3.08505], "texture": "#0"},
				"west": {"uv": [0, 0, 0.92551, 3.08505], "texture": "#0"},
				"up": {"uv": [0, 0, 0.92551, 0.92551], "texture": "#0"},
				"down": {"uv": [0, 0, 0.92551, 0.92551], "texture": "#0"}
			}
		},
		{
			"from": [0.52244, 19.48739, 18.55867],
			"to": [4.2245, 31.82757, 22.26073],
			"rotation": {"angle": -22.5, "axis": "y", "origin": [9.77757, 21.33842, 20.4097]},
			"faces": {
				"north": {"uv": [0, 0, 0.92552, 3.08505], "texture": "#0"},
				"east": {"uv": [0, 0, 0.92551, 3.08505], "texture": "#0"},
				"south": {"uv": [0, 0, 0.92552, 3.08505], "texture": "#0"},
				"west": {"uv": [0.75, 0, 1.67551, 3.08505], "texture": "#0"},
				"up": {"uv": [0, 0, 0.92551, 0.92552], "rotation": 270, "texture": "#0"},
				"down": {"uv": [0, 0, 0.92551, 0.92552], "rotation": 90, "texture": "#0"}
			}
		},
		{
			"from": [0.52244, 19.48739, 18.55867],
			"to": [4.2245, 31.82757, 22.26073],
			"rotation": {"angle": 0, "axis": "y", "origin": [9.77757, 21.33842, 20.4097]},
			"faces": {
				"north": {"uv": [0, 0, 0.92552, 3.08505], "texture": "#0"},
				"east": {"uv": [0, 0, 0.92551, 3.08505], "texture": "#0"},
				"south": {"uv": [0, 0, 0.92552, 3.08505], "texture": "#0"},
				"west": {"uv": [3, 0, 3.92551, 3.08505], "texture": "#0"},
				"up": {"uv": [0, 0, 0.92551, 0.92552], "rotation": 270, "texture": "#0"},
				"down": {"uv": [0, 0, 0.92551, 0.92552], "rotation": 90, "texture": "#0"}
			}
		},
		{
			"from": [15.33065, 19.48739, 18.55867],
			"to": [19.03271, 31.82757, 22.26073],
			"rotation": {"angle": 0, "axis": "y", "origin": [9.77757, 21.33842, 20.4097]},
			"faces": {
				"north": {"uv": [0, 0, 0.92552, 3.08505], "texture": "#0"},
				"east": {"uv": [0, 0, 0.92551, 3.08505], "texture": "#0"},
				"south": {"uv": [0, 0, 0.92552, 3.08505], "texture": "#0"},
				"west": {"uv": [0, 0, 0.92551, 3.08505], "texture": "#0"},
				"up": {"uv": [0, 0, 0.92551, 0.92552], "rotation": 270, "texture": "#0"},
				"down": {"uv": [0, 0, 0.92551, 0.92552], "rotation": 90, "texture": "#0"}
			}
		},
		{
			"from": [15.33065, 19.48739, 18.55867],
			"to": [19.03271, 31.82757, 22.26073],
			"rotation": {"angle": 22.5, "axis": "y", "origin": [9.77757, 21.33842, 20.4097]},
			"faces": {
				"north": {"uv": [0, 0, 0.92552, 3.08505], "texture": "#0"},
				"east": {"uv": [0.5, 0, 1.42551, 3.08505], "texture": "#0"},
				"south": {"uv": [0, 0, 0.92552, 3.08505], "texture": "#0"},
				"west": {"uv": [0, 0, 0.92551, 3.08505], "texture": "#0"},
				"up": {"uv": [0, 0, 0.92551, 0.92552], "rotation": 270, "texture": "#0"},
				"down": {"uv": [0, 0, 0.92551, 0.92552], "rotation": 90, "texture": "#0"}
			}
		},
		{
			"from": [15.33065, 19.48739, 18.55867],
			"to": [19.03271, 31.82757, 22.26073],
			"rotation": {"angle": 45, "axis": "y", "origin": [9.77757, 21.33842, 20.4097]},
			"faces": {
				"north": {"uv": [0, 0, 0.92552, 3.08505], "texture": "#0"},
				"east": {"uv": [0.75, 0, 1.67551, 3.08505], "texture": "#0"},
				"south": {"uv": [0, 0, 0.92552, 3.08505], "texture": "#0"},
				"west": {"uv": [0, 0, 0.92551, 3.08505], "texture": "#0"},
				"up": {"uv": [0, 0, 0.92551, 0.92552], "rotation": 270, "texture": "#0"},
				"down": {"uv": [0, 0, 0.92551, 0.92552], "rotation": 90, "texture": "#0"}
			}
		},
		{
			"from": [9.81049, 19.61554, 19.419],
			"to": [16.58703, 22.12068, 22.19555],
			"rotation": {"angle": 22.5, "axis": "y", "origin": [9.64568, 21.00382, 20.80728]},
			"faces": {
				"north": {"uv": [0, 0, 0.92552, 3.08505], "texture": "#2"},
				"east": {"uv": [0.5, 0, 1.42551, 3.08505], "texture": "#2"},
				"south": {"uv": [0, 0, 0.92552, 3.08505], "texture": "#2"},
				"west": {"uv": [0, 0, 0.92551, 3.08505], "texture": "#2"},
				"up": {"uv": [0, 0, 0.92551, 0.92552], "rotation": 270, "texture": "#2"},
				"down": {"uv": [0, 0, 0.92551, 0.92552], "rotation": 90, "texture": "#2"}
			}
		},
		{
			"from": [11.81049, 19.61554, 19.419],
			"to": [16.58703, 22.12068, 22.19555],
			"rotation": {"angle": 45, "axis": "y", "origin": [9.64568, 21.00382, 20.80728]},
			"faces": {
				"north": {"uv": [0, 0, 0.92552, 3.08505], "texture": "#2"},
				"east": {"uv": [0.75, 0, 1.67551, 3.08505], "texture": "#2"},
				"south": {"uv": [0, 0, 0.92552, 3.08505], "texture": "#2"},
				"west": {"uv": [0, 0, 0.92551, 3.08505], "texture": "#2"},
				"up": {"uv": [0, 0, 0.92551, 0.92552], "rotation": 270, "texture": "#2"},
				"down": {"uv": [0, 0, 0.92551, 0.92552], "rotation": 90, "texture": "#2"}
			}
		},
		{
			"from": [8.25741, 19.61554, 13.86593],
			"to": [11.03395, 22.12068, 19.64247],
			"rotation": {"angle": -22.5, "axis": "y", "origin": [9.64568, 21.00382, 20.80728]},
			"faces": {
				"north": {"uv": [1.25, 0, 2.17551, 3.08505], "texture": "#2"},
				"east": {"uv": [0, 0, 0.92551, 3.08505], "texture": "#2"},
				"south": {"uv": [0, 0, 0.92551, 3.08505], "texture": "#2"},
				"west": {"uv": [0, 0, 0.92551, 3.08505], "texture": "#2"},
				"up": {"uv": [0, 0, 0.92551, 0.92551], "rotation": 180, "texture": "#2"},
				"down": {"uv": [0, 0, 0.92551, 0.92551], "rotation": 180, "texture": "#2"}
			}
		},
		{
			"from": [8.25741, 19.61554, 13.86593],
			"to": [11.03395, 22.12068, 19.64247],
			"rotation": {"angle": 0, "axis": "y", "origin": [9.64568, 21.00382, 20.80728]},
			"faces": {
				"north": {"uv": [1.75, 0, 2.67551, 3.08505], "texture": "#2"},
				"east": {"uv": [0, 0, 0.92551, 3.08505], "texture": "#2"},
				"south": {"uv": [0, 0, 0.92551, 3.08505], "texture": "#2"},
				"west": {"uv": [0, 0, 0.92551, 3.08505], "texture": "#2"},
				"up": {"uv": [0, 0, 0.92551, 0.92551], "texture": "#2"},
				"down": {"uv": [0, 0, 0.92551, 0.92551], "texture": "#2"}
			}
		},
		{
			"from": [8.25741, 19.61554, 13.86593],
			"to": [11.03395, 22.12068, 20.64247],
			"rotation": {"angle": 22.5, "axis": "y", "origin": [9.64568, 21.00382, 20.80728]},
			"faces": {
				"north": {"uv": [0.5, 0, 1.42551, 3.08505], "texture": "#2"},
				"east": {"uv": [0, 0, 0.92551, 3.08505], "texture": "#2"},
				"south": {"uv": [0, 0, 0.92551, 3.08505], "texture": "#2"},
				"west": {"uv": [0, 0, 0.92551, 3.08505], "texture": "#2"},
				"up": {"uv": [0, 0, 0.92551, 0.92551], "texture": "#2"},
				"down": {"uv": [0, 0, 0.92551, 0.92551], "texture": "#2"}
			}
		},
		{
			"from": [8.25741, 19.61554, 13.86593],
			"to": [11.03395, 22.12068, 20.64247],
			"rotation": {"angle": 45, "axis": "y", "origin": [9.64568, 21.00382, 20.80728]},
			"faces": {
				"north": {"uv": [0.75, 0, 1.67551, 3.08505], "texture": "#2"},
				"east": {"uv": [0, 0, 0.92551, 3.08505], "texture": "#2"},
				"south": {"uv": [0, 0, 0.92551, 3.08505], "texture": "#2"},
				"west": {"uv": [0, 0, 0.92551, 3.08505], "texture": "#2"},
				"up": {"uv": [0, 0, 0.92551, 0.92551], "texture": "#2"},
				"down": {"uv": [0, 0, 0.92551, 0.92551], "texture": "#2"}
			}
		},
		{
			"from": [2.70433, 19.61554, 19.419],
			"to": [9.48088, 22.12068, 22.19555],
			"rotation": {"angle": -22.5, "axis": "y", "origin": [9.64568, 21.00382, 20.80728]},
			"faces": {
				"north": {"uv": [0, 0, 0.92552, 3.08505], "texture": "#2"},
				"east": {"uv": [0, 0, 0.92551, 3.08505], "texture": "#2"},
				"south": {"uv": [0, 0, 0.92552, 3.08505], "texture": "#2"},
				"west": {"uv": [0.75, 0, 1.67551, 3.08505], "texture": "#2"},
				"up": {"uv": [0, 0, 0.92551, 0.92552], "rotation": 270, "texture": "#2"},
				"down": {"uv": [0, 0, 0.92551, 0.92552], "rotation": 90, "texture": "#2"}
			}
		},
		{
			"from": [2.70433, 19.61554, 19.419],
			"to": [15.48088, 22.12068, 22.19555],
			"rotation": {"angle": 0, "axis": "y", "origin": [9.64568, 21.00382, 20.80728]},
			"faces": {
				"north": {"uv": [0, 0, 0.92552, 3.08505], "texture": "#2"},
				"east": {"uv": [0, 0, 0.92551, 3.08505], "texture": "#2"},
				"south": {"uv": [0, 0, 0.92552, 3.08505], "texture": "#2"},
				"west": {"uv": [3, 0, 3.92551, 3.08505], "texture": "#2"},
				"up": {"uv": [0, 0, 0.92551, 0.92552], "rotation": 270, "texture": "#2"},
				"down": {"uv": [0, 0, 0.92551, 0.92552], "rotation": 90, "texture": "#2"}
			}
		}
	],
	"display": {
		"head": {
			"translation": [0, -34, 0],
			"scale": [4, 4, 4]
		}
	},
	"groups": [
		{
			"name": "group",
			"origin": [0, -1, 8],
			"color": 0,
			"children": [0, 1, 2,
				{
					"name": "group",
					"origin": [-7.07347, -11.86259, -8.16243],
					"color": 0,
					"children": [3, 4, 5, 6, 7, 8, 9]
				}, 10, 11, 12, 13, 14, 15, 16, 17,
				{
					"name": "group",
					"origin": [8, 6.5, 1.75],
					"color": 0,
					"children": [18, 19, 20, 21, 22, 23, 24, 25, 26, 27, 28, 29, 30, 31, 32]
				},
				{
					"name": "group",
					"origin": [8, 6.5, 1.75],
					"color": 0,
					"children": []
				},
				{
					"name": "group",
					"origin": [8, 6.5, 1.75],
					"color": 0,
					"children": [33, 34, 35, 36, 37, 38, 39, 40, 41, 42, 43, 44, 45, 46, 47, 48, 49]
				}
			]
		}
	]
}