{
	"credit": "Made with Blockbench",
	"texture_size": [64, 64],
	"textures": {
		"0": "ship/iron_block",
		"2": "ship/cyan_terracotta",
		"particle": "ship/iron_block"
	},
	"elements": [
		{
			"from": [-12.86206, -15.78184, -1.76434],
			"to": [-9.57135, 5.68527, 4.81708],
			"rotation": {"angle": -22.5, "axis": "z", "origin": [-9.57135, -10.76829, -6.70041]},
			"faces": {
				"north": {"uv": [0, 0, 5.36678, 0.82268], "rotation": 90, "texture": "#2"},
				"east": {"uv": [0, 0, 5.36678, 1.64536], "rotation": 90, "texture": "#2"},
				"south": {"uv": [0, 0, 5.36678, 0.82268], "rotation": 270, "texture": "#2"},
				"west": {"uv": [0, 0, 5.36678, 1.64536], "rotation": 90, "texture": "#2"},
				"up": {"uv": [1.64536, 0.82268, 0, 0], "rotation": 90, "texture": "#2"},
				"down": {"uv": [1.64536, 0.82268, 0, 0], "rotation": 90, "texture": "#2"}
			}
		},
		{
			"from": [-6.31506, 2.40141, -1.76434],
			"to": [23.35205, 5.69212, 4.81708],
			"rotation": {"angle": 0, "axis": "y", "origin": [-5.11506, 5.65141, 18.81708]},
			"faces": {
				"north": {"uv": [0, 0.82268, 5.36678, 0], "texture": "#2"},
				"east": {"uv": [0, 0.82268, 1.64536, 0], "texture": "#2"},
				"south": {"uv": [0, 0.82268, 5.36678, 0], "texture": "#2"},
				"west": {"uv": [0, 0.82268, 1.64536, 0], "texture": "#2"},
				"up": {"uv": [0, 1.64536, 5.36678, 0], "texture": "#2"},
				"down": {"uv": [0, 1.64536, 5.36678, 0], "texture": "#2"}
			}
		},
		{
			"from": [26.6265, -15.78184, -1.76434],
			"to": [29.91721, 5.68527, 4.81708],
			"rotation": {"angle": 22.5, "axis": "z", "origin": [26.6265, -10.76829, -6.70041]},
			"faces": {
				"north": {"uv": [0, 0.82268, 5.36678, 0], "rotation": 90, "texture": "#2"},
				"east": {"uv": [0, 1.64536, 5.36678, 0], "rotation": 90, "texture": "#2"},
				"south": {"uv": [0, 0.82268, 5.36678, 0], "rotation": 270, "texture": "#2"},
				"west": {"uv": [0, 1.64536, 5.36678, 0], "rotation": 90, "texture": "#2"},
				"up": {"uv": [1.64536, 0, 0, 0.82268], "rotation": 90, "texture": "#2"},
				"down": {"uv": [1.64536, 0, 0, 0.82268], "rotation": 90, "texture": "#2"}
			}
		},
		{
			"from": [-9.57135, -14.40357, -6.14771],
			"to": [1.0265, -2.54151, 13.04387],
			"rotation": {"angle": 0, "axis": "y", "origin": [29.91721, -12.41365, -82.38683]},
			"faces": {
				"north": {"uv": [2.64946, 0, 0, 2.96552], "texture": "#0"},
				"east": {"uv": [4.7979, 0, 0, 2.96552], "texture": "#0"},
				"south": {"uv": [2.64946, 0, 0, 2.96552], "texture": "#0"},
				"west": {"uv": [4.7979, 0, 0, 2.96552], "texture": "#0"},
				"up": {"uv": [0, 4.7979, 2.64946, 0], "texture": "#0"},
				"down": {"uv": [0, 4.7979, 2.64946, 0], "texture": "#0"}
			}
		},
		{
			"from": [16.02865, -14.40357, -6.14771],
			"to": [26.6265, -2.54151, 13.04387],
			"rotation": {"angle": 0, "axis": "y", "origin": [29.91721, -12.41365, -82.38683]},
			"faces": {
				"north": {"uv": [2.64946, 0, 0, 2.96552], "texture": "#0"},
				"east": {"uv": [4.7979, 0, 0, 2.96552], "texture": "#0"},
				"south": {"uv": [2.64946, 0, 0, 2.96552], "texture": "#0"},
				"west": {"uv": [4.7979, 0, 0, 2.96552], "texture": "#0"},
				"up": {"uv": [0, 4.7979, 2.64946, 0], "texture": "#0"},
				"down": {"uv": [0, 4.7979, 2.64946, 0], "texture": "#0"}
			}
		},
		{
			"from": [16.75436, -14.40357, -0.11899],
			"to": [26.6265, -2.54151, 13.04387],
			"rotation": {"angle": 45, "axis": "y", "origin": [26.6265, -10.76829, 13.04387]},
			"faces": {
				"north": {"uv": [2.46804, 0, 0, 2.96552], "texture": "#0"},
				"east": {"uv": [3.29072, 0, 0, 2.96552], "texture": "#0"},
				"south": {"uv": [2.46804, 0, 0, 2.96552], "texture": "#0"},
				"west": {"uv": [3.29072, 0, 0, 2.96552], "texture": "#0"},
				"up": {"uv": [0, 3.29072, 2.46804, 0], "texture": "#0"},
				"down": {"uv": [0, 3.29072, 2.46804, 0], "texture": "#0"}
			}
		},
		{
			"from": [14.70977, -14.40357, 10.15239],
			"to": [19.64584, -2.54151, 20.02453],
			"rotation": {"angle": 22.5, "axis": "y", "origin": [19.64584, -10.76829, 20.02453]},
			"faces": {
				"north": {"uv": [1.23402, 0, 0, 2.96552], "texture": "#0"},
				"east": {"uv": [2.46803, 0, 0, 2.96552], "texture": "#0"},
				"south": {"uv": [1.23402, 0, 0, 2.96552], "texture": "#0"},
				"west": {"uv": [2.46803, 0, 0, 2.96552], "texture": "#0"},
				"up": {"uv": [2.46803, 0, 0, 1.23402], "rotation": 90, "texture": "#0"},
				"down": {"uv": [2.46803, 0, 0, 1.23402], "rotation": 270, "texture": "#0"}
			}
		},
		{
			"from": [1.96689, -14.40357, 11.94942],
			"to": [15.12974, -2.54151, 21.9861],
			"rotation": {"angle": 0, "axis": "y", "origin": [15.03884, -10.76829, 21.83442]},
			"faces": {
				"north": {"uv": [3.29071, 0, 0, 2.96552], "texture": "#0"},
				"east": {"uv": [2.50917, 0, 0, 2.96552], "texture": "#0"},
				"south": {"uv": [3.29071, 0, 0, 2.96552], "texture": "#0"},
				"west": {"uv": [2.50917, 0, 0, 2.96552], "texture": "#0"},
				"up": {"uv": [0, 2.50917, 3.29071, 0], "rotation": 180, "texture": "#0"},
				"down": {"uv": [0, 2.50917, 3.29071, 0], "rotation": 180, "texture": "#0"}
			}
		},
		{
			"from": [-2.59069, -14.40357, 10.15239],
			"to": [2.34538, -2.54151, 20.02453],
			"rotation": {"angle": -22.5, "axis": "y", "origin": [-2.59069, -10.76829, 20.02453]},
			"faces": {
				"north": {"uv": [0, 0, 1.23402, 2.96552], "texture": "#0"},
				"east": {"uv": [0, 0, 2.46803, 2.96552], "texture": "#0"},
				"south": {"uv": [0, 0, 1.23402, 2.96552], "texture": "#0"},
				"west": {"uv": [0, 0, 2.46803, 2.96552], "texture": "#0"},
				"up": {"uv": [2.46803, 1.23402, 0, 0], "rotation": 90, "texture": "#0"},
				"down": {"uv": [2.46803, 1.23402, 0, 0], "rotation": 270, "texture": "#0"}
			}
		},
		{
			"from": [-9.57135, -14.40357, -0.11899],
			"to": [0.30079, -2.54151, 13.04387],
			"rotation": {"angle": -45, "axis": "y", "origin": [-9.57135, -10.76829, 13.04387]},
			"faces": {
				"north": {"uv": [0, 0, 2.46804, 2.96552], "texture": "#0"},
				"east": {"uv": [0, 0, 3.29072, 2.96552], "texture": "#0"},
				"south": {"uv": [0, 0, 2.46804, 2.96552], "texture": "#0"},
				"west": {"uv": [0, 0, 3.29072, 2.96552], "texture": "#0"},
				"up": {"uv": [2.46804, 3.29072, 0, 0], "texture": "#0"},
				"down": {"uv": [2.46804, 3.29072, 0, 0], "texture": "#0"}
			}
		},
		{
			"from": [-5.95157, -4.08234, 1.36184],
			"to": [1.94615, 2.49909, 11.89212],
			"rotation": {"angle": -45, "axis": "y", "origin": [-5.95157, -4.08234, 11.89212]},
			"faces": {
				"north": {"uv": [0, 0, 1.97443, 1.64536], "texture": "#2"},
				"east": {"uv": [0, 0, 2.63257, 1.64536], "texture": "#2"},
				"south": {"uv": [0, 0, 1.97443, 1.64536], "texture": "#2"},
				"west": {"uv": [0, 0, 2.63257, 1.64536], "texture": "#2"},
				"up": {"uv": [1.97443, 2.63257, 0, 0], "texture": "#2"},
				"down": {"uv": [1.97443, 2.63257, 0, 0], "texture": "#2"}
			}
		},
		{
			"from": [-0.36704, -4.08234, 9.57893],
			"to": [3.58182, 2.49909, 17.47665],
			"rotation": {"angle": -22.5, "axis": "y", "origin": [-0.36704, -4.08234, 17.47665]},
			"faces": {
				"north": {"uv": [0, 0, 0.98722, 1.64536], "texture": "#2"},
				"east": {"uv": [0, 0, 1.97443, 1.64536], "texture": "#2"},
				"south": {"uv": [0, 0, 0.98722, 1.64536], "texture": "#2"},
				"west": {"uv": [0, 0, 1.97443, 1.64536], "texture": "#2"},
				"up": {"uv": [1.97443, 0.98722, 0, 0], "rotation": 90, "texture": "#2"},
				"down": {"uv": [1.97443, 0.98722, 0, 0], "rotation": 270, "texture": "#2"}
			}
		},
		{
			"from": [3.27903, -4.08234, 11.01656],
			"to": [13.80931, 2.49909, 19.0459],
			"rotation": {"angle": 0, "axis": "y", "origin": [13.73659, -4.08234, 18.92456]},
			"faces": {
				"north": {"uv": [2.63257, 0, 0, 1.64536], "texture": "#2"},
				"east": {"uv": [2.00734, 0, 0, 1.64536], "texture": "#2"},
				"south": {"uv": [2.63257, 0, 0, 1.64536], "texture": "#2"},
				"west": {"uv": [2.00734, 0, 0, 1.64536], "texture": "#2"},
				"up": {"uv": [0, 2.00734, 2.63257, 0], "rotation": 180, "texture": "#2"},
				"down": {"uv": [0, 2.00734, 2.63257, 0], "rotation": 180, "texture": "#2"}
			}
		},
		{
			"from": [13.47333, -4.08234, 9.57893],
			"to": [17.42219, 2.49909, 17.47665],
			"rotation": {"angle": 22.5, "axis": "y", "origin": [17.42219, -4.08234, 17.47665]},
			"faces": {
				"north": {"uv": [0.98722, 0, 0, 1.64536], "texture": "#2"},
				"east": {"uv": [1.97443, 0, 0, 1.64536], "texture": "#2"},
				"south": {"uv": [0.98722, 0, 0, 1.64536], "texture": "#2"},
				"west": {"uv": [1.97443, 0, 0, 1.64536], "texture": "#2"},
				"up": {"uv": [1.97443, 0, 0, 0.98722], "rotation": 90, "texture": "#2"},
				"down": {"uv": [1.97443, 0, 0, 0.98722], "rotation": 270, "texture": "#2"}
			}
		},
		{
			"from": [15.109, -4.08234, 1.36184],
			"to": [23.00671, 2.49909, 11.89212],
			"rotation": {"angle": 45, "axis": "y", "origin": [23.00671, -4.08234, 11.89212]},
			"faces": {
				"north": {"uv": [1.97443, 0, 0, 1.64536], "texture": "#2"},
				"east": {"uv": [2.63257, 0, 0, 1.64536], "texture": "#2"},
				"south": {"uv": [1.97443, 0, 0, 1.64536], "texture": "#2"},
				"west": {"uv": [2.63257, 0, 0, 1.64536], "texture": "#2"},
				"up": {"uv": [0, 2.63257, 1.97443, 0], "texture": "#2"},
				"down": {"uv": [0, 2.63257, 1.97443, 0], "texture": "#2"}
			}
		},
		{
			"from": [-6.28064, -3.75327, -6.12546],
			"to": [1.08579, 4.47351, 11.80985],
			"rotation": {"angle": 0, "axis": "y", "origin": [29.91721, -13.62541, -82.38683]},
			"faces": {
				"north": {"uv": [1.84161, 0, 0, 2.0567], "texture": "#0"},
				"east": {"uv": [4.48383, 0, 0, 2.0567], "texture": "#0"},
				"south": {"uv": [1.84161, 0, 0, 2.0567], "texture": "#0"},
				"west": {"uv": [4.48383, 0, 0, 2.0567], "texture": "#0"},
				"up": {"uv": [0, 4.48383, 1.84161, 0], "texture": "#0"},
				"down": {"uv": [0, 4.48383, 1.84161, 0], "texture": "#0"}
			}
		},
		{
			"from": [1.01936, -3.75327, 6.87454],
			"to": [15.98579, 4.47351, 11.80985],
			"rotation": {"angle": 0, "axis": "y", "origin": [29.91721, -13.62541, -82.38683]},
			"faces": {
				"north": {"uv": [3.74161, 0, 0, 2.0567], "texture": "#0"},
				"east": {"uv": [1.23383, 0, 0, 2.0567], "texture": "#0"},
				"south": {"uv": [3.74161, 0, 0, 2.0567], "texture": "#0"},
				"west": {"uv": [1.23383, 0, 0, 2.0567], "texture": "#0"},
				"up": {"uv": [0, 1.23383, 3.74161, 0], "texture": "#0"},
				"down": {"uv": [0, 1.23383, 3.74161, 0], "texture": "#0"}
			}
		},
		{
			"from": [15.96936, -3.75327, -6.12546],
			"to": [23.33579, 4.47351, 11.80985],
			"rotation": {"angle": 0, "axis": "y", "origin": [29.91721, -13.62541, -82.38683]},
			"faces": {
				"north": {"uv": [1.84161, 0, 0, 2.0567], "texture": "#0"},
				"east": {"uv": [4.48383, 0, 0, 2.0567], "texture": "#0"},
				"south": {"uv": [1.84161, 0, 0, 2.0567], "texture": "#0"},
				"west": {"uv": [4.48383, 0, 0, 2.0567], "texture": "#0"},
				"up": {"uv": [0, 4.48383, 1.84161, 0], "texture": "#0"},
				"down": {"uv": [0, 4.48383, 1.84161, 0], "texture": "#0"}
			}
		},
		{
			"from": [6.05954, 2.82816, -0.59425],
			"to": [10.99561, 19.48172, 4.34182],
			"rotation": {"angle": 22.5, "axis": "y", "origin": [8.52757, 5.29619, -7.99836]},
			"faces": {
				"north": {"uv": [1.23402, 0, 0, 4.11339], "texture": "#0"},
				"east": {"uv": [1.23402, 0, 0, 4.11339], "texture": "#0"},
				"south": {"uv": [2.73402, 0, 1.5, 4.11339], "texture": "#0"},
				"west": {"uv": [1.23402, 0, 0, 4.11339], "texture": "#0"},
				"up": {"uv": [0, 1.23402, 1.23402, 0], "rotation": 180, "texture": "#0"},
				"down": {"uv": [0, 1.23402, 1.23402, 0], "rotation": 180, "texture": "#0"}
			}
		},
		{
			"from": [6.05954, 2.82816, -0.59425],
			"to": [10.99561, 19.48172, 4.34182],
			"rotation": {"angle": 0, "axis": "y", "origin": [8.52757, 5.29619, -7.99836]},
			"faces": {
				"north": {"uv": [1.23402, 0, 0, 4.11339], "texture": "#0"},
				"east": {"uv": [1.23402, 0, 0, 4.11339], "texture": "#0"},
				"south": {"uv": [2.48402, 0, 1.25, 4.11339], "texture": "#0"},
				"west": {"uv": [1.23402, 0, 0, 4.11339], "texture": "#0"},
				"up": {"uv": [0, 1.23402, 1.23402, 0], "texture": "#0"},
				"down": {"uv": [0, 1.23402, 1.23402, 0], "texture": "#0"}
			}
		},
		{
			"from": [6.05954, 2.82816, -0.59425],
			"to": [10.99561, 19.48172, 4.34182],
			"rotation": {"angle": -22.5, "axis": "y", "origin": [8.52757, 5.29619, -7.99836]},
			"faces": {
				"north": {"uv": [1.23402, 0, 0, 4.11339], "texture": "#0"},
				"east": {"uv": [1.23402, 0, 0, 4.11339], "texture": "#0"},
				"south": {"uv": [3.23402, 0, 2, 4.11339], "texture": "#0"},
				"west": {"uv": [1.23402, 0, 0, 4.11339], "texture": "#0"},
				"up": {"uv": [0, 1.23402, 1.23402, 0], "texture": "#0"},
				"down": {"uv": [0, 1.23402, 1.23402, 0], "texture": "#0"}
			}
		},
		{
			"from": [6.05954, 2.82816, -0.59425],
			"to": [10.99561, 19.48172, 4.34182],
			"rotation": {"angle": -45, "axis": "y", "origin": [8.52757, 5.29619, -7.99836]},
			"faces": {
				"north": {"uv": [1.23402, 0, 0, 4.11339], "texture": "#0"},
				"east": {"uv": [1.23402, 0, 0, 4.11339], "texture": "#0"},
				"south": {"uv": [1.48402, 0, 0.25, 4.11339], "texture": "#0"},
				"west": {"uv": [1.23402, 0, 0, 4.11339], "texture": "#0"},
				"up": {"uv": [0, 1.23402, 1.23402, 0], "texture": "#0"},
				"down": {"uv": [0, 1.23402, 1.23402, 0], "texture": "#0"}
			}
		},
		{
			"from": [-3.8126, 2.82816, -10.4664],
			"to": [1.12347, 19.48172, -5.53033],
			"rotation": {"angle": 22.5, "axis": "y", "origin": [8.52757, 5.29619, -7.99836]},
			"faces": {
				"north": {"uv": [1.23402, 0, 0, 4.11339], "texture": "#0"},
				"east": {"uv": [1.23402, 0, 0, 4.11339], "texture": "#0"},
				"south": {"uv": [1.23402, 0, 0, 4.11339], "texture": "#0"},
				"west": {"uv": [3.98402, 0, 2.75, 4.11339], "texture": "#0"},
				"up": {"uv": [1.23402, 0, 0, 1.23402], "rotation": 270, "texture": "#0"},
				"down": {"uv": [1.23402, 0, 0, 1.23402], "rotation": 90, "texture": "#0"}
			}
		},
		{
			"from": [15.93168, 2.82816, -10.4664],
			"to": [20.86775, 19.48172, -5.53033],
			"rotation": {"angle": -22.5, "axis": "y", "origin": [8.52757, 5.29619, -7.99836]},
			"faces": {
				"north": {"uv": [1.23402, 0, 0, 4.11339], "texture": "#0"},
				"east": {"uv": [1.23402, 0, 0, 4.11339], "texture": "#0"},
				"south": {"uv": [1.23402, 0, 0, 4.11339], "texture": "#0"},
				"west": {"uv": [1.23402, 0, 0, 4.11339], "texture": "#0"},
				"up": {"uv": [1.23402, 0, 0, 1.23402], "rotation": 270, "texture": "#0"},
				"down": {"uv": [1.23402, 0, 0, 1.23402], "rotation": 90, "texture": "#0"}
			}
		},
		{
			"from": [15.93168, 2.82816, -10.4664],
			"to": [20.86775, 19.48172, -5.53033],
			"rotation": {"angle": -45, "axis": "y", "origin": [8.52757, 5.29619, -7.99836]},
			"faces": {
				"north": {"uv": [1.23402, 0, 0, 4.11339], "texture": "#0"},
				"east": {"uv": [2.73402, 0, 1.5, 4.11339], "texture": "#0"},
				"south": {"uv": [1.23402, 0, 0, 4.11339], "texture": "#0"},
				"west": {"uv": [1.23402, 0, 0, 4.11339], "texture": "#0"},
				"up": {"uv": [1.23402, 0, 0, 1.23402], "rotation": 270, "texture": "#0"},
				"down": {"uv": [1.23402, 0, 0, 1.23402], "rotation": 90, "texture": "#0"}
			}
		},
		{
			"from": [6.67655, 19.48739, -2.85662],
			"to": [10.3786, 31.82757, 0.84543],
			"rotation": {"angle": 22.5, "axis": "y", "origin": [8.52757, 21.33842, -8.4097]},
			"faces": {
				"north": {"uv": [0.92551, 0, 0, 3.08505], "texture": "#0"},
				"east": {"uv": [0.92551, 0, 0, 3.08505], "texture": "#0"},
				"south": {"uv": [2.17551, 0, 1.25, 3.08505], "texture": "#0"},
				"west": {"uv": [0.92551, 0, 0, 3.08505], "texture": "#0"},
				"up": {"uv": [0, 0.92551, 0.92551, 0], "rotation": 180, "texture": "#0"},
				"down": {"uv": [0, 0.92551, 0.92551, 0], "rotation": 180, "texture": "#0"}
			}
		},
		{
			"from": [6.67655, 19.48739, -2.85662],
			"to": [10.3786, 31.82757, 0.84543],
			"rotation": {"angle": 0, "axis": "y", "origin": [8.52757, 21.33842, -8.4097]},
			"faces": {
				"north": {"uv": [0.92551, 0, 0, 3.08505], "texture": "#0"},
				"east": {"uv": [0.92551, 0, 0, 3.08505], "texture": "#0"},
				"south": {"uv": [1.92551, 0, 1, 3.08505], "texture": "#0"},
				"west": {"uv": [0.92551, 0, 0, 3.08505], "texture": "#0"},
				"up": {"uv": [0, 0.92551, 0.92551, 0], "texture": "#0"},
				"down": {"uv": [0, 0.92551, 0.92551, 0], "texture": "#0"}
			}
		},
		{
			"from": [6.67655, 19.48739, -2.85662],
			"to": [10.3786, 31.82757, 0.84543],
			"rotation": {"angle": -22.5, "axis": "y", "origin": [8.52757, 21.33842, -8.4097]},
			"faces": {
				"north": {"uv": [0.92551, 0, 0, 3.08505], "texture": "#0"},
				"east": {"uv": [0.92551, 0, 0, 3.08505], "texture": "#0"},
				"south": {"uv": [1.67551, 0, 0.75, 3.08505], "texture": "#0"},
				"west": {"uv": [0.92551, 0, 0, 3.08505], "texture": "#0"},
				"up": {"uv": [0, 0.92551, 0.92551, 0], "texture": "#0"},
				"down": {"uv": [0, 0.92551, 0.92551, 0], "texture": "#0"}
			}
		},
		{
			"from": [6.67655, 19.48739, -2.85662],
			"to": [10.3786, 31.82757, 0.84543],
			"rotation": {"angle": -45, "axis": "y", "origin": [8.52757, 21.33842, -8.4097]},
			"faces": {
				"north": {"uv": [0.92551, 0, 0, 3.08505], "texture": "#0"},
				"east": {"uv": [0.92551, 0, 0, 3.08505], "texture": "#0"},
				"south": {"uv": [1.67551, 0, 0.75, 3.08505], "texture": "#0"},
				"west": {"uv": [0.92551, 0, 0, 3.08505], "texture": "#0"},
				"up": {"uv": [0, 0.92551, 0.92551, 0], "texture": "#0"},
				"down": {"uv": [0, 0.92551, 0.92551, 0], "texture": "#0"}
			}
		},
		{
			"from": [-0.72756, 19.48739, -10.26073],
			"to": [2.9745, 31.82757, -6.55867],
			"rotation": {"angle": 22.5, "axis": "y", "origin": [8.52757, 21.33842, -8.4097]},
			"faces": {
				"north": {"uv": [0.92552, 0, 0, 3.08505], "texture": "#0"},
				"east": {"uv": [0.92552, 0, 0, 3.08505], "texture": "#0"},
				"south": {"uv": [0.92552, 0, 0, 3.08505], "texture": "#0"},
				"west": {"uv": [3.92552, 0, 3, 3.08505], "texture": "#0"},
				"up": {"uv": [0.92552, 0, 0, 0.92552], "rotation": 270, "texture": "#0"},
				"down": {"uv": [0.92552, 0, 0, 0.92552], "rotation": 90, "texture": "#0"}
			}
		},
		{
			"from": [14.08065, 19.48739, -10.26073],
			"to": [17.78271, 31.82757, -6.55867],
			"rotation": {"angle": -22.5, "axis": "y", "origin": [8.52757, 21.33842, -8.4097]},
			"faces": {
				"north": {"uv": [0.92552, 0, 0, 3.08505], "texture": "#0"},
				"east": {"uv": [0.92552, 0, 0, 3.08505], "texture": "#0"},
				"south": {"uv": [0.92552, 0, 0, 3.08505], "texture": "#0"},
				"west": {"uv": [0.92552, 0, 0, 3.08505], "texture": "#0"},
				"up": {"uv": [0.92552, 0, 0, 0.92552], "rotation": 270, "texture": "#0"},
				"down": {"uv": [0.92552, 0, 0, 0.92552], "rotation": 90, "texture": "#0"}
			}
		},
		{
			"from": [14.08065, 19.48739, -10.26073],
			"to": [17.78271, 31.82757, -6.55867],
			"rotation": {"angle": -45, "axis": "y", "origin": [8.52757, 21.33842, -8.4097]},
			"faces": {
				"north": {"uv": [0.92552, 0, 0, 3.08505], "texture": "#0"},
				"east": {"uv": [1.67552, 0, 0.75, 3.08505], "texture": "#0"},
				"south": {"uv": [0.92552, 0, 0, 3.08505], "texture": "#0"},
				"west": {"uv": [0.92552, 0, 0, 3.08505], "texture": "#0"},
				"up": {"uv": [0.92552, 0, 0, 0.92552], "rotation": 270, "texture": "#0"},
				"down": {"uv": [0.92552, 0, 0, 0.92552], "rotation": 90, "texture": "#0"}
			}
		},
		{
			"from": [7.56049, 19.61554, -10.69555],
			"to": [15.33703, 22.12068, -7.919],
			"rotation": {"angle": -22.5, "axis": "y", "origin": [8.39568, 21.00382, -9.30728]},
			"faces": {
				"north": {"uv": [0.92552, 0, 0, 3.08505], "texture": "#2"},
				"east": {"uv": [0.92552, 0, 0, 3.08505], "texture": "#2"},
				"south": {"uv": [0.92552, 0, 0, 3.08505], "texture": "#2"},
				"west": {"uv": [0.92552, 0, 0, 3.08505], "texture": "#2"},
				"up": {"uv": [0.92552, 0, 0, 0.92552], "rotation": 270, "texture": "#2"},
				"down": {"uv": [0.92552, 0, 0, 0.92552], "rotation": 90, "texture": "#2"}
			}
		},
		{
			"from": [8.56049, 19.61554, -10.69555],
			"to": [15.33703, 22.12068, -7.919],
			"rotation": {"angle": -45, "axis": "y", "origin": [8.39568, 21.00382, -9.30728]},
			"faces": {
				"north": {"uv": [0.92552, 0, 0, 3.08505], "texture": "#2"},
				"east": {"uv": [1.67552, 0, 0.75, 3.08505], "texture": "#2"},
				"south": {"uv": [0.92552, 0, 0, 3.08505], "texture": "#2"},
				"west": {"uv": [0.92552, 0, 0, 3.08505], "texture": "#2"},
				"up": {"uv": [0.92552, 0, 0, 0.92552], "rotation": 270, "texture": "#2"},
				"down": {"uv": [0.92552, 0, 0, 0.92552], "rotation": 90, "texture": "#2"}
			}
		},
		{
			"from": [7.00741, 19.61554, -8.14246],
			"to": [9.78395, 22.12068, -2.36593],
			"rotation": {"angle": 22.5, "axis": "y", "origin": [8.39568, 21.00382, -9.30728]},
			"faces": {
				"north": {"uv": [0.92551, 0, 0, 3.08505], "texture": "#2"},
				"east": {"uv": [0.92551, 0, 0, 3.08505], "texture": "#2"},
				"south": {"uv": [2.17551, 0, 1.25, 3.08505], "texture": "#2"},
				"west": {"uv": [0.92551, 0, 0, 3.08505], "texture": "#2"},
				"up": {"uv": [0, 0.92551, 0.92551, 0], "rotation": 180, "texture": "#2"},
				"down": {"uv": [0, 0.92551, 0.92551, 0], "rotation": 180, "texture": "#2"}
			}
		},
		{
			"from": [7.00741, 19.61554, -8.14246],
			"to": [9.78395, 22.12068, -2.36593],
			"rotation": {"angle": 0, "axis": "y", "origin": [8.39568, 21.00382, -9.30728]},
			"faces": {
				"north": {"uv": [0.92551, 0, 0, 3.08505], "texture": "#2"},
				"east": {"uv": [0.92551, 0, 0, 3.08505], "texture": "#2"},
				"south": {"uv": [1.92551, 0, 1, 3.08505], "texture": "#2"},
				"west": {"uv": [0.92551, 0, 0, 3.08505], "texture": "#2"},
				"up": {"uv": [0, 0.92551, 0.92551, 0], "texture": "#2"},
				"down": {"uv": [0, 0.92551, 0.92551, 0], "texture": "#2"}
			}
		},
		{
			"from": [7.00741, 19.61554, -8.14246],
			"to": [9.78395, 22.12068, -2.36593],
			"rotation": {"angle": -22.5, "axis": "y", "origin": [8.39568, 21.00382, -9.30728]},
			"faces": {
				"north": {"uv": [0.92551, 0, 0, 3.08505], "texture": "#2"},
				"east": {"uv": [0.92551, 0, 0, 3.08505], "texture": "#2"},
				"south": {"uv": [1.67551, 0, 0.75, 3.08505], "texture": "#2"},
				"west": {"uv": [0.92551, 0, 0, 3.08505], "texture": "#2"},
				"up": {"uv": [0, 0.92551, 0.92551, 0], "texture": "#2"},
				"down": {"uv": [0, 0.92551, 0.92551, 0], "texture": "#2"}
			}
		},
		{
			"from": [7.00741, 19.61554, -9.14246],
			"to": [9.78395, 22.12068, -2.36593],
			"rotation": {"angle": -45, "axis": "y", "origin": [8.39568, 21.00382, -9.30728]},
			"faces": {
				"north": {"uv": [0.92551, 0, 0, 3.08505], "texture": "#2"},
				"east": {"uv": [0.92551, 0, 0, 3.08505], "texture": "#2"},
				"south": {"uv": [1.67551, 0, 0.75, 3.08505], "texture": "#2"},
				"west": {"uv": [0.92551, 0, 0, 3.08505], "texture": "#2"},
				"up": {"uv": [0, 0.92551, 0.92551, 0], "texture": "#2"},
				"down": {"uv": [0, 0.92551, 0.92551, 0], "texture": "#2"}
			}
		},
		{
			"from": [1.45433, 19.61554, -10.69555],
			"to": [9.23088, 22.12068, -7.919],
			"rotation": {"angle": 22.5, "axis": "y", "origin": [8.39568, 21.00382, -9.30728]},
			"faces": {
				"north": {"uv": [0.92552, 0, 0, 3.08505], "texture": "#2"},
				"east": {"uv": [0.92552, 0, 0, 3.08505], "texture": "#2"},
				"south": {"uv": [0.92552, 0, 0, 3.08505], "texture": "#2"},
				"west": {"uv": [3.92552, 0, 3, 3.08505], "texture": "#2"},
				"up": {"uv": [0.92552, 0, 0, 0.92552], "rotation": 270, "texture": "#2"},
				"down": {"uv": [0.92552, 0, 0, 0.92552], "rotation": 90, "texture": "#2"}
			}
		},
		{
			"from": [6.67655, 3.48739, 7.14338],
			"to": [10.3786, 15.82757, 10.84543],
			"rotation": {"angle": 22.5, "axis": "y", "origin": [8.52757, 5.33842, 1.5903]},
			"faces": {
				"north": {"uv": [0.92551, 0, 0, 3.08505], "texture": "#0"},
				"east": {"uv": [0.92551, 0, 0, 3.08505], "texture": "#0"},
				"south": {"uv": [1.67551, 0, 0.75, 3.08505], "texture": "#0"},
				"west": {"uv": [0.92551, 0, 0, 3.08505], "texture": "#0"},
				"up": {"uv": [0, 0.92551, 0.92551, 0], "rotation": 180, "texture": "#0"},
				"down": {"uv": [0, 0.92551, 0.92551, 0], "rotation": 180, "texture": "#0"}
			}
		},
		{
			"from": [6.67655, 3.48739, 7.14338],
			"to": [10.3786, 15.82757, 10.84543],
			"rotation": {"angle": 0, "axis": "y", "origin": [8.52757, 5.33842, 1.5903]},
			"faces": {
				"north": {"uv": [0.92551, 0, 0, 3.08505], "texture": "#0"},
				"east": {"uv": [0.92551, 0, 0, 3.08505], "texture": "#0"},
				"south": {"uv": [1.92551, 0, 1, 3.08505], "texture": "#0"},
				"west": {"uv": [0.92551, 0, 0, 3.08505], "texture": "#0"},
				"up": {"uv": [0, 0.92551, 0.92551, 0], "texture": "#0"},
				"down": {"uv": [0, 0.92551, 0.92551, 0], "texture": "#0"}
			}
		},
		{
			"from": [6.67655, 3.48739, 7.14338],
			"to": [10.3786, 15.82757, 10.84543],
			"rotation": {"angle": -22.5, "axis": "y", "origin": [8.52757, 5.33842, 1.5903]},
			"faces": {
				"north": {"uv": [0.92551, 0, 0, 3.08505], "texture": "#0"},
				"east": {"uv": [0.92551, 0, 0, 3.08505], "texture": "#0"},
				"south": {"uv": [1.92551, 0, 1, 3.08505], "texture": "#0"},
				"west": {"uv": [0.92551, 0, 0, 3.08505], "texture": "#0"},
				"up": {"uv": [0, 0.92551, 0.92551, 0], "texture": "#0"},
				"down": {"uv": [0, 0.92551, 0.92551, 0], "texture": "#0"}
			}
		},
		{
			"from": [6.67655, 3.48739, 7.14338],
			"to": [10.3786, 15.82757, 10.84543],
			"rotation": {"angle": -45, "axis": "y", "origin": [8.52757, 5.33842, 1.5903]},
			"faces": {
				"north": {"uv": [0.92551, 0, 0, 3.08505], "texture": "#0"},
				"east": {"uv": [0.92551, 0, 0, 3.08505], "texture": "#0"},
				"south": {"uv": [1.67551, 0, 0.75, 3.08505], "texture": "#0"},
				"west": {"uv": [0.92551, 0, 0, 3.08505], "texture": "#0"},
				"up": {"uv": [0, 0.92551, 0.92551, 0], "texture": "#0"},
				"down": {"uv": [0, 0.92551, 0.92551, 0], "texture": "#0"}
			}
		},
		{
			"from": [-0.72756, 3.48739, -0.26073],
			"to": [2.9745, 15.82757, 3.44133],
			"rotation": {"angle": 22.5, "axis": "y", "origin": [8.52757, 5.33842, 1.5903]},
			"faces": {
				"north": {"uv": [0.92552, 0, 0, 3.08505], "texture": "#0"},
				"east": {"uv": [0.92552, 0, 0, 3.08505], "texture": "#0"},
				"south": {"uv": [0.92552, 0, 0, 3.08505], "texture": "#0"},
				"west": {"uv": [1.42552, 0, 0.5, 3.08505], "texture": "#0"},
				"up": {"uv": [0.92552, 0, 0, 0.92552], "rotation": 270, "texture": "#0"},
				"down": {"uv": [0.92552, 0, 0, 0.92552], "rotation": 90, "texture": "#0"}
			}
		},
		{
			"from": [-0.72756, 3.48739, -0.26073],
			"to": [2.9745, 15.82757, 3.44133],
			"rotation": {"angle": 0, "axis": "y", "origin": [8.52757, 5.33842, 1.5903]},
			"faces": {
				"north": {"uv": [0.92552, 0, 0, 3.08505], "texture": "#0"},
				"east": {"uv": [0.92552, 0, 0, 3.08505], "texture": "#0"},
				"south": {"uv": [0.92552, 0, 0, 3.08505], "texture": "#0"},
				"west": {"uv": [3.92552, 0, 3, 3.08505], "texture": "#0"},
				"up": {"uv": [0.92552, 0, 0, 0.92552], "rotation": 270, "texture": "#0"},
				"down": {"uv": [0.92552, 0, 0, 0.92552], "rotation": 90, "texture": "#0"}
			}
		},
		{
			"from": [14.08065, 3.48739, -0.26073],
			"to": [17.78271, 15.82757, 3.44133],
			"rotation": {"angle": 0, "axis": "y", "origin": [8.52757, 5.33842, 1.5903]},
			"faces": {
				"north": {"uv": [0.92552, 0, 0, 3.08505], "texture": "#0"},
				"east": {"uv": [0.92552, 0, 0, 3.08505], "texture": "#0"},
				"south": {"uv": [0.92552, 0, 0, 3.08505], "texture": "#0"},
				"west": {"uv": [0.92552, 0, 0, 3.08505], "texture": "#0"},
				"up": {"uv": [0.92552, 0, 0, 0.92552], "rotation": 270, "texture": "#0"},
				"down": {"uv": [0.92552, 0, 0, 0.92552], "rotation": 90, "texture": "#0"}
			}
		},
		{
			"from": [14.08065, 3.48739, -0.26073],
			"to": [17.78271, 15.82757, 3.44133],
			"rotation": {"angle": -22.5, "axis": "y", "origin": [8.52757, 5.33842, 1.5903]},
			"faces": {
				"north": {"uv": [0.92552, 0, 0, 3.08505], "texture": "#0"},
				"east": {"uv": [1.42552, 0, 0.5, 3.08505], "texture": "#0"},
				"south": {"uv": [0.92552, 0, 0, 3.08505], "texture": "#0"},
				"west": {"uv": [0.92552, 0, 0, 3.08505], "texture": "#0"},
				"up": {"uv": [0.92552, 0, 0, 0.92552], "rotation": 270, "texture": "#0"},
				"down": {"uv": [0.92552, 0, 0, 0.92552], "rotation": 90, "texture": "#0"}
			}
		},
		{
			"from": [14.08065, 3.48739, -0.26073],
			"to": [17.78271, 15.82757, 3.44133],
			"rotation": {"angle": -45, "axis": "y", "origin": [8.52757, 5.33842, 1.5903]},
			"faces": {
				"north": {"uv": [0.92552, 0, 0, 3.08505], "texture": "#0"},
				"east": {"uv": [1.67552, 0, 0.75, 3.08505], "texture": "#0"},
				"south": {"uv": [0.92552, 0, 0, 3.08505], "texture": "#0"},
				"west": {"uv": [0.92552, 0, 0, 3.08505], "texture": "#0"},
				"up": {"uv": [0.92552, 0, 0, 0.92552], "rotation": 270, "texture": "#0"},
				"down": {"uv": [0.92552, 0, 0, 0.92552], "rotation": 90, "texture": "#0"}
			}
		},
		{
			"from": [11.56049, 10.11554, -0.19555],
			"to": [15.33703, 11.87068, 2.581],
			"rotation": {"angle": -22.5, "axis": "y", "origin": [8.39568, 7.00382, 1.19273]},
			"faces": {
				"north": {"uv": [0.92552, 0, 0, 3.08505], "texture": "#2"},
				"east": {"uv": [1.42552, 0, 0.5, 3.08505], "texture": "#2"},
				"south": {"uv": [0.92552, 0, 0, 3.08505], "texture": "#2"},
				"west": {"uv": [0.92552, 0, 0, 3.08505], "texture": "#2"},
				"up": {"uv": [0.92552, 0, 0, 0.92552], "rotation": 270, "texture": "#2"},
				"down": {"uv": [0.92552, 0, 0, 0.92552], "rotation": 90, "texture": "#2"}
			}
		},
		{
			"from": [11.56049, 10.11554, -0.19555],
			"to": [15.33703, 11.87068, 2.581],
			"rotation": {"angle": -45, "axis": "y", "origin": [8.39568, 7.00382, 1.19273]},
			"faces": {
				"north": {"uv": [0.92552, 0, 0, 3.08505], "texture": "#2"},
				"east": {"uv": [1.67552, 0, 0.75, 3.08505], "texture": "#2"},
				"south": {"uv": [0.92552, 0, 0, 3.08505], "texture": "#2"},
				"west": {"uv": [0.92552, 0, 0, 3.08505], "texture": "#2"},
				"up": {"uv": [0.92552, 0, 0, 0.92552], "rotation": 270, "texture": "#2"},
				"down": {"uv": [0.92552, 0, 0, 0.92552], "rotation": 90, "texture": "#2"}
			}
		},
		{
			"from": [7.00741, 10.11554, 4.35753],
			"to": [9.78395, 11.87068, 8.13407],
			"rotation": {"angle": 22.5, "axis": "y", "origin": [8.39568, 7.00382, 1.19273]},
			"faces": {
				"north": {"uv": [0.92551, 0, 0, 3.08505], "texture": "#2"},
				"east": {"uv": [0.92551, 0, 0, 3.08505], "texture": "#2"},
				"south": {"uv": [1.67551, 0, 0.75, 3.08505], "texture": "#2"},
				"west": {"uv": [0.92551, 0, 0, 3.08505], "texture": "#2"},
				"up": {"uv": [0, 0.92551, 0.92551, 0], "rotation": 180, "texture": "#2"},
				"down": {"uv": [0, 0.92551, 0.92551, 0], "rotation": 180, "texture": "#2"}
			}
		},
		{
			"from": [7.00741, 10.11554, 4.35753],
			"to": [9.78395, 11.87068, 8.13407],
			"rotation": {"angle": 0, "axis": "y", "origin": [8.39568, 7.00382, 1.19273]},
			"faces": {
				"north": {"uv": [0.92551, 0, 0, 3.08505], "texture": "#2"},
				"east": {"uv": [0.92551, 0, 0, 3.08505], "texture": "#2"},
				"south": {"uv": [1.92551, 0, 1, 3.08505], "texture": "#2"},
				"west": {"uv": [0.92551, 0, 0, 3.08505], "texture": "#2"},
				"up": {"uv": [0, 0.92551, 0.92551, 0], "texture": "#2"},
				"down": {"uv": [0, 0.92551, 0.92551, 0], "texture": "#2"}
			}
		},
		{
			"from": [7.00741, 10.11554, 4.35753],
			"to": [9.78395, 11.87068, 8.13407],
			"rotation": {"angle": -22.5, "axis": "y", "origin": [8.39568, 7.00382, 1.19273]},
			"faces": {
				"north": {"uv": [0.92551, 0, 0, 3.08505], "texture": "#2"},
				"east": {"uv": [0.92551, 0, 0, 3.08505], "texture": "#2"},
				"south": {"uv": [1.92551, 0, 1, 3.08505], "texture": "#2"},
				"west": {"uv": [0.92551, 0, 0, 3.08505], "texture": "#2"},
				"up": {"uv": [0, 0.92551, 0.92551, 0], "texture": "#2"},
				"down": {"uv": [0, 0.92551, 0.92551, 0], "texture": "#2"}
			}
		},
		{
			"from": [7.00741, 10.11554, 4.35753],
			"to": [9.78395, 11.87068, 8.13407],
			"rotation": {"angle": -45, "axis": "y", "origin": [8.39568, 7.00382, 1.19273]},
			"faces": {
				"north": {"uv": [0.92551, 0, 0, 3.08505], "texture": "#2"},
				"east": {"uv": [0.92551, 0, 0, 3.08505], "texture": "#2"},
				"south": {"uv": [1.67551, 0, 0.75, 3.08505], "texture": "#2"},
				"west": {"uv": [0.92551, 0, 0, 3.08505], "texture": "#2"},
				"up": {"uv": [0, 0.92551, 0.92551, 0], "texture": "#2"},
				"down": {"uv": [0, 0.92551, 0.92551, 0], "texture": "#2"}
			}
		},
		{
			"from": [1.45433, 10.11554, -0.19555],
			"to": [4.23088, 11.87068, 2.581],
			"rotation": {"angle": 22.5, "axis": "y", "origin": [8.39568, 7.00382, 1.19273]},
			"faces": {
				"north": {"uv": [0.92552, 0, 0, 3.08505], "texture": "#2"},
				"east": {"uv": [0.92552, 0, 0, 3.08505], "texture": "#2"},
				"south": {"uv": [0.92552, 0, 0, 3.08505], "texture": "#2"},
				"west": {"uv": [1.42552, 0, 0.5, 3.08505], "texture": "#2"},
				"up": {"uv": [0.92552, 0, 0, 0.92552], "rotation": 270, "texture": "#2"},
				"down": {"uv": [0.92552, 0, 0, 0.92552], "rotation": 90, "texture": "#2"}
			}
		},
		{
			"from": [12.56049, 10.11554, -0.19555],
			"to": [15.33703, 11.87068, 2.581],
			"rotation": {"angle": 0, "axis": "y", "origin": [8.39568, 7.00382, 1.19273]},
			"faces": {
				"north": {"uv": [0.92552, 0, 0, 3.08505], "texture": "#0"},
				"east": {"uv": [0.92552, 0, 0, 3.08505], "texture": "#0"},
				"south": {"uv": [0.92552, 0, 0, 3.08505], "texture": "#0"},
				"west": {"uv": [0.92552, 0, 0, 3.08505], "texture": "#0"},
				"up": {"uv": [0.92552, 0, 0, 0.92552], "rotation": 270, "texture": "#0"},
				"down": {"uv": [0.92552, 0, 0, 0.92552], "rotation": 90, "texture": "#0"}
			}
		},
		{
			"from": [1.45433, 10.11554, -0.19555],
			"to": [4.23088, 11.87068, 2.581],
			"rotation": {"angle": 0, "axis": "y", "origin": [8.39568, 7.00382, 1.19273]},
			"faces": {
				"north": {"uv": [0.92552, 0, 0, 3.08505], "texture": "#0"},
				"east": {"uv": [0.92552, 0, 0, 3.08505], "texture": "#0"},
				"south": {"uv": [0.92552, 0, 0, 3.08505], "texture": "#0"},
				"west": {"uv": [3.92552, 0, 3, 3.08505], "texture": "#0"},
				"up": {"uv": [0.92552, 0, 0, 0.92552], "rotation": 270, "texture": "#0"},
				"down": {"uv": [0.92552, 0, 0, 0.92552], "rotation": 90, "texture": "#0"}
			}
		}
	],
	"display": {
		"thirdperson_righthand": {
			"rotation": [90, 0, 0],
			"translation": [-6, 0, -6],
			"scale": [2.5, 2.5, 2.5]
		},
		"head": {
			"translation": [0, -34, 0],
			"scale": [4, 4, 4]
		}
	},
	"groups": [
		{
			"name": "group",
			"origin": [0, -1, 8],
			"color": 0,
			"children": [0, 1, 2,
				{
					"name": "group",
					"origin": [-7.07347, -11.86259, -8.16243],
					"color": 0,
					"children": [3, 4, 5, 6, 7, 8, 9]
				}, 10, 11, 12, 13, 14, 15, 16, 17,
				{
					"name": "group",
					"origin": [8, 6.5, 1.75],
					"color": 0,
					"children": [18, 19, 20, 21, 22, 23, 24]
				},
				{
					"name": "group",
					"origin": [8, 6.5, 1.75],
					"color": 0,
					"children": []
				},
				{
					"name": "group",
					"origin": [8, 6.5, 1.75],
					"color": 0,
					"children": [25, 26, 27, 28, 29, 30, 31, 32, 33, 34, 35, 36, 37, 38]
				},
				{
					"name": "group",
					"origin": [8, 6.5, 1.75],
					"color": 0,
					"children": [39, 40, 41, 42, 43, 44, 45, 46, 47, 48, 49, 50, 51, 52, 53, 54, 55, 56]
				}
			]
		}
	]
}