{
	"parent": "item/generated",
	"textures": {
		"layer0": "item/barrier"
	},
	"overrides": [
		{ "predicate": { "custom_model_data":1}, "model": "item/custom/ships/old_cruiser/template"},
		{ "predicate": { "custom_model_data":2}, "model": "item/custom/ships/old_cruiser/mid"},
		{ "predicate": { "custom_model_data":3}, "model": "item/custom/ships/old_cruiser/front_mid"},
		{ "predicate": { "custom_model_data":4}, "model": "item/custom/ships/old_cruiser/rear_mid"},
		{ "predicate": { "custom_model_data":5}, "model": "item/custom/ships/old_cruiser/front"},
		{ "predicate": { "custom_model_data":6}, "model": "item/custom/ships/old_cruiser/back"},
		{ "predicate": { "custom_model_data":7}, "model": "item/custom/ships/old_cruiser/guns"},
		{ "predicate": { "custom_model_data":8}, "model": "item/custom/ships/old_cruiser/top"},
		{ "predicate": { "custom_model_data":9}, "model": "item/custom/ships/old_cruiser/top_back"},
		{ "predicate": { "custom_model_data":10}, "model": "item/custom/ships/old_cruiser/back_guns"},
		{ "predicate": { "custom_model_data":11}, "model": "item/custom/ships/old_troopship/front"},
		{ "predicate": { "custom_model_data":12}, "model": "item/custom/ships/old_troopship/back"},
		{ "predicate": { "custom_model_data":13}, "model": "item/custom/ships/old_troopship/rear_mid"},
		{ "predicate": { "custom_model_data":14}, "model": "item/custom/ships/old_troopship/mid"},
		{ "predicate": { "custom_model_data":15}, "model": "item/custom/ships/old_troopship/front_mid"},
		{ "predicate": { "custom_model_data":16}, "model": "item/custom/ships/old_troopship/top"},
		{ "predicate": { "custom_model_data":17}, "model": "item/custom/ships/old_troopship/top_back"},
		{ "predicate": { "custom_model_data":18}, "model": "item/custom/ships/old_warship/front"},
		{ "predicate": { "custom_model_data":19}, "model": "item/custom/ships/old_warship/back"},
		{ "predicate": { "custom_model_data":20}, "model": "item/custom/ships/old_warship/rear_mid"},
		{ "predicate": { "custom_model_data":21}, "model": "item/custom/ships/old_warship/mid"},
		{ "predicate": { "custom_model_data":22}, "model": "item/custom/ships/old_warship/front_mid"}
	]
}